"","expr","time","fun_name"
"1","Rcpp",1111554,"msumloglike-3_15"
"2","Rcpp",848891,"msumloglike-3_15"
"3","Rcpp",865233,"msumloglike-3_15"
"4","R",150520243,"msumloglike-3_15"
"5","Rcpp",1161187,"msumloglike-3_15"
"6","R",22198293,"msumloglike-3_15"
"7","R",11585784,"msumloglike-3_15"
"8","Rcpp",1124669,"msumloglike-3_15"
"9","Rcpp",1019772,"msumloglike-3_15"
"10","R",11311750,"msumloglike-3_15"
"11","Rcpp",1072822,"msumloglike-3_15"
"12","Rcpp",1051522,"msumloglike-3_15"
"13","R",11492119,"msumloglike-3_15"
"14","R",11533135,"msumloglike-3_15"
"15","R",11466470,"msumloglike-3_15"
"16","Rcpp",1125781,"msumloglike-3_15"
"17","Rcpp",993522,"msumloglike-3_15"
"18","R",11619557,"msumloglike-3_15"
"19","R",11367305,"msumloglike-3_15"
"20","Rcpp",1055259,"msumloglike-3_15"
"21","R",11495134,"msumloglike-3_15"
"22","R",11585213,"msumloglike-3_15"
"23","Rcpp",1086488,"msumloglike-3_15"
"24","Rcpp",1028288,"msumloglike-3_15"
"25","Rcpp",1013901,"msumloglike-3_15"
"26","Rcpp",1039269,"msumloglike-3_15"
"27","Rcpp",1051342,"msumloglike-3_15"
"28","R",11472642,"msumloglike-3_15"
"29","Rcpp",1078642,"msumloglike-3_15"
"30","R",11334543,"msumloglike-3_15"
"31","Rcpp",1074495,"msumloglike-3_15"
"32","Rcpp",1019111,"msumloglike-3_15"
"33","Rcpp",1008852,"msumloglike-3_15"
"34","Rcpp",1001929,"msumloglike-3_15"
"35","Rcpp",936957,"msumloglike-3_15"
"36","Rcpp",1012038,"msumloglike-3_15"
"37","Rcpp",993183,"msumloglike-3_15"
"38","R",11289398,"msumloglike-3_15"
"39","Rcpp",1096506,"msumloglike-3_15"
"40","Rcpp",1067131,"msumloglike-3_15"
"41","Rcpp",1042094,"msumloglike-3_15"
"42","Rcpp",1033488,"msumloglike-3_15"
"43","R",11349752,"msumloglike-3_15"
"44","Rcpp",1069035,"msumloglike-3_15"
"45","Rcpp",1017518,"msumloglike-3_15"
"46","R",11932855,"msumloglike-3_15"
"47","R",11996854,"msumloglike-3_15"
"48","R",22292299,"msumloglike-3_15"
"49","R",15599951,"msumloglike-3_15"
"50","R",15079636,"msumloglike-3_15"
"51","Rcpp",1166477,"msumloglike-3_15"
"52","R",14696177,"msumloglike-3_15"
"53","Rcpp",1204769,"msumloglike-3_15"
"54","Rcpp",1222211,"msumloglike-3_15"
"55","R",15039550,"msumloglike-3_15"
"56","Rcpp",1098961,"msumloglike-3_15"
"57","Rcpp",1009463,"msumloglike-3_15"
"58","R",13702322,"msumloglike-3_15"
"59","Rcpp",1069776,"msumloglike-3_15"
"60","Rcpp",1075807,"msumloglike-3_15"
"61","Rcpp",1006748,"msumloglike-3_15"
"62","Rcpp",1007219,"msumloglike-3_15"
"63","Rcpp",1026304,"msumloglike-3_15"
"64","R",14039104,"msumloglike-3_15"
"65","R",13906125,"msumloglike-3_15"
"66","R",14783791,"msumloglike-3_15"
"67","R",14400211,"msumloglike-3_15"
"68","R",13899813,"msumloglike-3_15"
"69","R",13396409,"msumloglike-3_15"
"70","R",13022107,"msumloglike-3_15"
"71","R",13106926,"msumloglike-3_15"
"72","R",13650655,"msumloglike-3_15"
"73","R",12795973,"msumloglike-3_15"
"74","Rcpp",1137503,"msumloglike-3_15"
"75","R",12933672,"msumloglike-3_15"
"76","Rcpp",1019151,"msumloglike-3_15"
"77","Rcpp",981550,"msumloglike-3_15"
"78","Rcpp",987432,"msumloglike-3_15"
"79","Rcpp",990347,"msumloglike-3_15"
"80","Rcpp",981561,"msumloglike-3_15"
"81","R",12679154,"msumloglike-3_15"
"82","Rcpp",1043116,"msumloglike-3_15"
"83","Rcpp",991589,"msumloglike-3_15"
"84","R",12848642,"msumloglike-3_15"
"85","R",12846388,"msumloglike-3_15"
"86","Rcpp",1065648,"msumloglike-3_15"
"87","Rcpp",1003752,"msumloglike-3_15"
"88","Rcpp",999685,"msumloglike-3_15"
"89","R",12752872,"msumloglike-3_15"
"90","R",12606598,"msumloglike-3_15"
"91","Rcpp",1018640,"msumloglike-3_15"
"92","R",12943941,"msumloglike-3_15"
"93","Rcpp",1005255,"msumloglike-3_15"
"94","Rcpp",984376,"msumloglike-3_15"
"95","R",13333591,"msumloglike-3_15"
"96","Rcpp",1049648,"msumloglike-3_15"
"97","R",13006107,"msumloglike-3_15"
"98","R",12923512,"msumloglike-3_15"
"99","R",12850856,"msumloglike-3_15"
"100","Rcpp",1083902,"msumloglike-3_15"
"101","Rcpp",988634,"msumloglike-3_15"
"102","Rcpp",978665,"msumloglike-3_15"
"103","Rcpp",983163,"msumloglike-3_15"
"104","Rcpp",987923,"msumloglike-3_15"
"105","Rcpp",965160,"msumloglike-3_15"
"106","R",12755136,"msumloglike-3_15"
"107","R",12482535,"msumloglike-3_15"
"108","R",12397686,"msumloglike-3_15"
"109","Rcpp",1064425,"msumloglike-3_15"
"110","R",12526197,"msumloglike-3_15"
"111","R",12199695,"msumloglike-3_15"
"112","R",26339027,"msumloglike-3_15"
"113","R",15724695,"msumloglike-3_15"
"114","R",14824287,"msumloglike-3_15"
"115","Rcpp",1173661,"msumloglike-3_15"
"116","R",15539688,"msumloglike-3_15"
"117","Rcpp",1500734,"msumloglike-3_15"
"118","Rcpp",1258450,"msumloglike-3_15"
"119","Rcpp",1155597,"msumloglike-3_15"
"120","Rcpp",1216301,"msumloglike-3_15"
"121","R",13504973,"msumloglike-3_15"
"122","Rcpp",1057042,"msumloglike-3_15"
"123","R",13712652,"msumloglike-3_15"
"124","Rcpp",1047323,"msumloglike-3_15"
"125","R",13738080,"msumloglike-3_15"
"126","R",13787723,"msumloglike-3_15"
"127","Rcpp",1098760,"msumloglike-3_15"
"128","Rcpp",1000375,"msumloglike-3_15"
"129","R",14652905,"msumloglike-3_15"
"130","R",13993659,"msumloglike-3_15"
"131","Rcpp",1089532,"msumloglike-3_15"
"132","Rcpp",997761,"msumloglike-3_15"
"133","R",13625168,"msumloglike-3_15"
"134","Rcpp",1039149,"msumloglike-3_15"
"135","R",13452384,"msumloglike-3_15"
"136","R",13232171,"msumloglike-3_15"
"137","R",13523507,"msumloglike-3_15"
"138","Rcpp",1060859,"msumloglike-3_15"
"139","R",13291623,"msumloglike-3_15"
"140","R",12693281,"msumloglike-3_15"
"141","R",12683212,"msumloglike-3_15"
"142","Rcpp",1062383,"msumloglike-3_15"
"143","R",13261676,"msumloglike-3_15"
"144","Rcpp",1011116,"msumloglike-3_15"
"145","R",12941957,"msumloglike-3_15"
"146","Rcpp",1063184,"msumloglike-3_15"
"147","Rcpp",961543,"msumloglike-3_15"
"148","Rcpp",988474,"msumloglike-3_15"
"149","R",13072922,"msumloglike-3_15"
"150","Rcpp",1054237,"msumloglike-3_15"
"151","Rcpp",994444,"msumloglike-3_15"
"152","R",12917921,"msumloglike-3_15"
"153","R",12906650,"msumloglike-3_15"
"154","R",12864702,"msumloglike-3_15"
"155","R",12946816,"msumloglike-3_15"
"156","Rcpp",1070828,"msumloglike-3_15"
"157","R",13158553,"msumloglike-3_15"
"158","Rcpp",1005275,"msumloglike-3_15"
"159","R",13144236,"msumloglike-3_15"
"160","Rcpp",1033839,"msumloglike-3_15"
"161","Rcpp",981110,"msumloglike-3_15"
"162","R",12815720,"msumloglike-3_15"
"163","R",12859813,"msumloglike-3_15"
"164","R",12964319,"msumloglike-3_15"
"165","Rcpp",1101796,"msumloglike-3_15"
"166","R",13067973,"msumloglike-3_15"
"167","R",13421947,"msumloglike-3_15"
"168","Rcpp",1067732,"msumloglike-3_15"
"169","Rcpp",990287,"msumloglike-3_15"
"170","R",13113839,"msumloglike-3_15"
"171","R",26318949,"msumloglike-3_15"
"172","R",15626601,"msumloglike-3_15"
"173","Rcpp",1126041,"msumloglike-3_15"
"174","Rcpp",1021395,"msumloglike-3_15"
"175","R",14646202,"msumloglike-3_15"
"176","Rcpp",1061852,"msumloglike-3_15"
"177","Rcpp",1057112,"msumloglike-3_15"
"178","Rcpp",1027296,"msumloglike-3_15"
"179","R",16241904,"msumloglike-3_15"
"180","Rcpp",1318742,"msumloglike-3_15"
"181","R",13744512,"msumloglike-3_15"
"182","R",13428439,"msumloglike-3_15"
"183","Rcpp",1053946,"msumloglike-3_15"
"184","R",14124785,"msumloglike-3_15"
"185","Rcpp",1031524,"msumloglike-3_15"
"186","R",13487400,"msumloglike-3_15"
"187","Rcpp",1096205,"msumloglike-3_15"
"188","Rcpp",998783,"msumloglike-3_15"
"189","R",14755497,"msumloglike-3_15"
"190","Rcpp",1106766,"msumloglike-3_15"
"191","Rcpp",1048195,"msumloglike-3_15"
"192","Rcpp",1029470,"msumloglike-3_15"
"193","Rcpp",1041603,"msumloglike-3_15"
"194","Rcpp",1008130,"msumloglike-3_15"
"195","R",13778345,"msumloglike-3_15"
"196","Rcpp",1025523,"msumloglike-3_15"
"197","Rcpp",1011367,"msumloglike-3_15"
"198","R",13529498,"msumloglike-3_15"
"199","R",13533546,"msumloglike-3_15"
"200","Rcpp",1047234,"msumloglike-3_15"
"201","Rcpp",996990,"msumloglike-3_15"
"202","R",13271294,"msumloglike-3_15"
"203","Rcpp",1059747,"msumloglike-3_15"
"204","R",13645045,"msumloglike-3_15"
"205","Rcpp",1009573,"msumloglike-3_15"
"206","Rcpp",983584,"msumloglike-3_15"
"207","R",13050912,"msumloglike-3_15"
"208","Rcpp",1005806,"msumloglike-3_15"
"209","R",12537589,"msumloglike-3_15"
"210","Rcpp",1019883,"msumloglike-3_15"
"211","R",12746991,"msumloglike-3_15"
"212","R",12800541,"msumloglike-3_15"
"213","Rcpp",1075226,"msumloglike-3_15"
"214","Rcpp",1007840,"msumloglike-3_15"
"215","Rcpp",996558,"msumloglike-3_15"
"216","Rcpp",979176,"msumloglike-3_15"
"217","Rcpp",991198,"msumloglike-3_15"
"218","R",12963587,"msumloglike-3_15"
"219","R",13015615,"msumloglike-3_15"
"220","R",12835497,"msumloglike-3_15"
"221","Rcpp",1065828,"msumloglike-3_15"
"222","R",12947087,"msumloglike-3_15"
"223","R",12520687,"msumloglike-3_15"
"224","R",13240937,"msumloglike-3_15"
"225","R",13087720,"msumloglike-3_15"
"226","Rcpp",1136732,"msumloglike-3_15"
"227","Rcpp",987191,"msumloglike-3_15"
"228","R",13020604,"msumloglike-3_15"
"229","Rcpp",1032586,"msumloglike-3_15"
"230","Rcpp",989936,"msumloglike-3_15"
"231","Rcpp",987912,"msumloglike-3_15"
"232","Rcpp",977062,"msumloglike-3_15"
"233","R",13011938,"msumloglike-3_15"
"234","R",12764775,"msumloglike-3_15"
"235","R",13026175,"msumloglike-3_15"
"236","Rcpp",1053005,"msumloglike-3_15"
"237","Rcpp",1021806,"msumloglike-3_15"
"238","Rcpp",1010966,"msumloglike-3_15"
"239","R",13306129,"msumloglike-3_15"
"240","Rcpp",1067401,"msumloglike-3_15"
"241","Rcpp",988203,"msumloglike-3_15"
"242","Rcpp",993323,"msumloglike-3_15"
"243","Rcpp",987512,"msumloglike-3_15"
"244","R",24509557,"msumloglike-3_15"
"245","R",16327685,"msumloglike-3_15"
"246","Rcpp",1149125,"msumloglike-3_15"
"247","Rcpp",1012438,"msumloglike-3_15"
"248","R",15459768,"msumloglike-3_15"
"249","R",15116564,"msumloglike-3_15"
"250","R",15958443,"msumloglike-3_15"
"251","R",13412780,"msumloglike-3_15"
"252","R",13830884,"msumloglike-3_15"
"253","R",13764348,"msumloglike-3_15"
"254","Rcpp",1120030,"msumloglike-3_15"
"255","R",13666095,"msumloglike-3_15"
"256","R",14582223,"msumloglike-3_15"
"257","R",13679460,"msumloglike-3_15"
"258","R",13510954,"msumloglike-3_15"
"259","Rcpp",1095424,"msumloglike-3_15"
"260","Rcpp",992521,"msumloglike-3_15"
"261","Rcpp",996399,"msumloglike-3_15"
"262","Rcpp",996759,"msumloglike-3_15"
"263","Rcpp",992842,"msumloglike-3_15"
"264","Rcpp",997681,"msumloglike-3_15"
"265","R",13347818,"msumloglike-3_15"
"266","Rcpp",1047774,"msumloglike-3_15"
"267","Rcpp",959740,"msumloglike-3_15"
"268","Rcpp",995828,"msumloglike-3_15"
"269","R",13404444,"msumloglike-3_15"
"270","R",13357776,"msumloglike-3_15"
"271","R",13055790,"msumloglike-3_15"
"272","R",12773111,"msumloglike-3_15"
"273","R",13271174,"msumloglike-3_15"
"274","R",12834184,"msumloglike-3_15"
"275","R",12996188,"msumloglike-3_15"
"276","Rcpp",1111053,"msumloglike-3_15"
"277","R",12742162,"msumloglike-3_15"
"278","Rcpp",1052223,"msumloglike-3_15"
"279","Rcpp",977452,"msumloglike-3_15"
"280","R",12765786,"msumloglike-3_15"
"281","R",13029612,"msumloglike-3_15"
"282","Rcpp",1031354,"msumloglike-3_15"
"283","R",12652895,"msumloglike-3_15"
"284","Rcpp",1047704,"msumloglike-3_15"
"285","Rcpp",991529,"msumloglike-3_15"
"286","Rcpp",984967,"msumloglike-3_15"
"287","Rcpp",991379,"msumloglike-3_15"
"288","Rcpp",986940,"msumloglike-3_15"
"289","Rcpp",989746,"msumloglike-3_15"
"290","Rcpp",988303,"msumloglike-3_15"
"291","Rcpp",991249,"msumloglike-3_15"
"292","Rcpp",992721,"msumloglike-3_15"
"293","R",13126212,"msumloglike-3_15"
"294","R",12929944,"msumloglike-3_15"
"295","Rcpp",1074815,"msumloglike-3_15"
"296","R",13157411,"msumloglike-3_15"
"297","R",12962326,"msumloglike-3_15"
"298","R",12985168,"msumloglike-3_15"
"299","R",12944161,"msumloglike-3_15"
"300","Rcpp",1067451,"msumloglike-3_15"
"301","R",13016046,"msumloglike-3_15"
"302","R",12915778,"msumloglike-3_15"
"303","Rcpp",1124228,"msumloglike-3_15"
"304","Rcpp",980449,"msumloglike-3_15"
"305","R",24973226,"msumloglike-3_15"
"306","Rcpp",1103810,"msumloglike-3_15"
"307","Rcpp",1002440,"msumloglike-3_15"
"308","Rcpp",1071169,"msumloglike-3_15"
"309","Rcpp",1066520,"msumloglike-3_15"
"310","Rcpp",1087950,"msumloglike-3_15"
"311","Rcpp",1043046,"msumloglike-3_15"
"312","Rcpp",1017779,"msumloglike-3_15"
"313","R",15660925,"msumloglike-3_15"
"314","Rcpp",1082650,"msumloglike-3_15"
"315","Rcpp",1014101,"msumloglike-3_15"
"316","R",14890210,"msumloglike-3_15"
"317","Rcpp",1076258,"msumloglike-3_15"
"318","Rcpp",1014482,"msumloglike-3_15"
"319","R",16281058,"msumloglike-3_15"
"320","R",13975455,"msumloglike-3_15"
"321","Rcpp",1065058,"msumloglike-3_15"
"322","Rcpp",1013831,"msumloglike-3_15"
"323","R",14193614,"msumloglike-3_15"
"324","Rcpp",1072931,"msumloglike-3_15"
"325","Rcpp",1012969,"msumloglike-3_15"
"326","R",13672577,"msumloglike-3_15"
"327","Rcpp",1030963,"msumloglike-3_15"
"328","R",13495504,"msumloglike-3_15"
"329","R",15082791,"msumloglike-3_15"
"330","R",13912026,"msumloglike-3_15"
"331","Rcpp",1126443,"msumloglike-3_15"
"332","Rcpp",998542,"msumloglike-3_15"
"333","R",13071840,"msumloglike-3_15"
"334","R",13414382,"msumloglike-3_15"
"335","R",13262488,"msumloglike-3_15"
"336","R",13467853,"msumloglike-3_15"
"337","R",13160206,"msumloglike-3_15"
"338","Rcpp",1127464,"msumloglike-3_15"
"339","R",13128808,"msumloglike-3_15"
"340","R",12934553,"msumloglike-3_15"
"341","R",13366222,"msumloglike-3_15"
"342","Rcpp",1124238,"msumloglike-3_15"
"343","Rcpp",989736,"msumloglike-3_15"
"344","Rcpp",977083,"msumloglike-3_15"
"345","R",12830578,"msumloglike-3_15"
"346","Rcpp",1019732,"msumloglike-3_15"
"347","Rcpp",997761,"msumloglike-3_15"
"348","R",12968246,"msumloglike-3_15"
"349","Rcpp",1045310,"msumloglike-3_15"
"350","Rcpp",987422,"msumloglike-3_15"
"351","R",13054758,"msumloglike-3_15"
"352","R",12966152,"msumloglike-3_15"
"353","R",12978606,"msumloglike-3_15"
"354","Rcpp",1039550,"msumloglike-3_15"
"355","Rcpp",994234,"msumloglike-3_15"
"356","R",12810570,"msumloglike-3_15"
"357","Rcpp",1043757,"msumloglike-3_15"
"358","R",12726984,"msumloglike-3_15"
"359","R",12857679,"msumloglike-3_15"
"360","R",13285912,"msumloglike-3_15"
"361","Rcpp",1041183,"msumloglike-3_15"
"362","R",13005586,"msumloglike-3_15"
"363","Rcpp",1000246,"msumloglike-3_15"
"364","R",13307242,"msumloglike-3_15"
"365","R",12849012,"msumloglike-3_15"
"366","R",13077090,"msumloglike-3_15"
"367","R",13143796,"msumloglike-3_15"
"368","R",26433284,"msumloglike-3_15"
"369","Rcpp",1173690,"msumloglike-3_15"
"370","R",15362475,"msumloglike-3_15"
"371","R",15107577,"msumloglike-3_15"
"372","R",15500935,"msumloglike-3_15"
"373","R",14459152,"msumloglike-3_15"
"374","Rcpp",1140799,"msumloglike-3_15"
"375","Rcpp",1011867,"msumloglike-3_15"
"376","Rcpp",1018240,"msumloglike-3_15"
"377","R",13818510,"msumloglike-3_15"
"378","R",13823890,"msumloglike-3_15"
"379","R",13668048,"msumloglike-3_15"
"380","Rcpp",1130480,"msumloglike-3_15"
"381","R",14687359,"msumloglike-3_15"
"382","R",14632206,"msumloglike-3_15"
"383","R",13685070,"msumloglike-3_15"
"384","R",13251106,"msumloglike-3_15"
"385","Rcpp",1114239,"msumloglike-3_15"
"386","R",13479294,"msumloglike-3_15"
"387","R",12616066,"msumloglike-3_15"
"388","Rcpp",1084884,"msumloglike-3_15"
"389","R",13820424,"msumloglike-3_15"
"390","Rcpp",1053044,"msumloglike-3_15"
"391","R",12925506,"msumloglike-3_15"
"392","R",12626014,"msumloglike-3_15"
"393","Rcpp",1018470,"msumloglike-3_15"
"394","Rcpp",960160,"msumloglike-3_15"
"395","R",12877185,"msumloglike-3_15"
"396","Rcpp",1008582,"msumloglike-3_15"
"397","R",12753023,"msumloglike-3_15"
"398","Rcpp",1049979,"msumloglike-3_15"
"399","R",13051763,"msumloglike-3_15"
"400","R",12905369,"msumloglike-3_15"
"401","R",12762391,"msumloglike-3_15"
"402","R",12613080,"msumloglike-3_15"
"403","R",13265313,"msumloglike-3_15"
"404","R",13108369,"msumloglike-3_15"
"405","Rcpp",1119018,"msumloglike-3_15"
"406","Rcpp",986300,"msumloglike-3_15"
"407","R",12745669,"msumloglike-3_15"
"408","R",13258861,"msumloglike-3_15"
"409","Rcpp",1040972,"msumloglike-3_15"
"410","Rcpp",990086,"msumloglike-3_15"
"411","Rcpp",990106,"msumloglike-3_15"
"412","R",12972004,"msumloglike-3_15"
"413","Rcpp",1060759,"msumloglike-3_15"
"414","R",12908494,"msumloglike-3_15"
"415","Rcpp",1042014,"msumloglike-3_15"
"416","R",13103290,"msumloglike-3_15"
"417","Rcpp",1050039,"msumloglike-3_15"
"418","R",12999355,"msumloglike-3_15"
"419","Rcpp",1073603,"msumloglike-3_15"
"420","R",12838273,"msumloglike-3_15"
"421","R",24809930,"msumloglike-3_15"
"422","R",15766904,"msumloglike-3_15"
"423","Rcpp",1145769,"msumloglike-3_15"
"424","R",14859332,"msumloglike-3_15"
"425","R",15111475,"msumloglike-3_15"
"426","R",15396419,"msumloglike-3_15"
"427","Rcpp",1168952,"msumloglike-3_15"
"428","R",13852605,"msumloglike-3_15"
"429","R",14122831,"msumloglike-3_15"
"430","Rcpp",1069385,"msumloglike-3_15"
"431","R",13588318,"msumloglike-3_15"
"432","R",14020399,"msumloglike-3_15"
"433","R",14780394,"msumloglike-3_15"
"434","Rcpp",1156428,"msumloglike-3_15"
"435","Rcpp",1034971,"msumloglike-3_15"
"436","Rcpp",1028289,"msumloglike-3_15"
"437","Rcpp",1012449,"msumloglike-3_15"
"438","Rcpp",1000596,"msumloglike-3_15"
"439","Rcpp",1005836,"msumloglike-3_15"
"440","R",13601514,"msumloglike-3_15"
"441","R",13391981,"msumloglike-3_15"
"442","R",13162330,"msumloglike-3_15"
"443","R",13197846,"msumloglike-3_15"
"444","Rcpp",1144406,"msumloglike-3_15"
"445","Rcpp",1017538,"msumloglike-3_15"
"446","R",13777644,"msumloglike-3_15"
"447","Rcpp",1056511,"msumloglike-3_15"
"448","R",12798558,"msumloglike-3_15"
"449","R",12613281,"msumloglike-3_15"
"450","R",12907973,"msumloglike-3_15"
"451","R",13118768,"msumloglike-3_15"
"452","R",12852168,"msumloglike-3_15"
"453","Rcpp",1105032,"msumloglike-3_15"
"454","Rcpp",1000516,"msumloglike-3_15"
"455","Rcpp",991019,"msumloglike-3_15"
"456","Rcpp",987992,"msumloglike-3_15"
"457","Rcpp",999213,"msumloglike-3_15"
"458","Rcpp",982081,"msumloglike-3_15"
"459","Rcpp",1001497,"msumloglike-3_15"
"460","R",13220259,"msumloglike-3_15"
"461","Rcpp",1033969,"msumloglike-3_15"
"462","Rcpp",990407,"msumloglike-3_15"
"463","R",12849142,"msumloglike-3_15"
"464","R",12695014,"msumloglike-3_15"
"465","R",12734418,"msumloglike-3_15"
"466","R",13378185,"msumloglike-3_15"
"467","R",13061612,"msumloglike-3_15"
"468","R",13218395,"msumloglike-3_15"
"469","Rcpp",1121022,"msumloglike-3_15"
"470","Rcpp",994475,"msumloglike-3_15"
"471","R",12719250,"msumloglike-3_15"
"472","R",13114310,"msumloglike-3_15"
"473","R",12926458,"msumloglike-3_15"
"474","Rcpp",1105593,"msumloglike-3_15"
"475","R",13111305,"msumloglike-3_15"
"476","Rcpp",1019441,"msumloglike-3_15"
"477","R",13053486,"msumloglike-3_15"
"478","Rcpp",1066661,"msumloglike-3_15"
"479","Rcpp",997320,"msumloglike-3_15"
"480","R",25877823,"msumloglike-3_15"
"481","R",15703455,"msumloglike-3_15"
"482","R",15142724,"msumloglike-3_15"
"483","Rcpp",1149175,"msumloglike-3_15"
"484","R",15017378,"msumloglike-3_15"
"485","Rcpp",1199369,"msumloglike-3_15"
"486","Rcpp",1310618,"msumloglike-3_15"
"487","Rcpp",1431254,"msumloglike-3_15"
"488","Rcpp",1455429,"msumloglike-3_15"
"489","R",14464521,"msumloglike-3_15"
"490","R",13897078,"msumloglike-3_15"
"491","R",13897739,"msumloglike-3_15"
"492","R",13971418,"msumloglike-3_15"
"493","Rcpp",1166307,"msumloglike-3_15"
"494","R",14354645,"msumloglike-3_15"
"495","R",14832031,"msumloglike-3_15"
"496","Rcpp",1116343,"msumloglike-3_15"
"497","Rcpp",985878,"msumloglike-3_15"
"498","Rcpp",1008101,"msumloglike-3_15"
"499","Rcpp",1006357,"msumloglike-3_15"
"500","R",13783265,"msumloglike-3_15"
"501","R",13753800,"msumloglike-3_15"
"502","Rcpp",1069465,"msumloglike-3_15"
"503","Rcpp",998061,"msumloglike-3_15"
"504","R",13271074,"msumloglike-3_15"
"505","R",13383885,"msumloglike-3_15"
"506","Rcpp",1103469,"msumloglike-3_15"
"507","R",13413331,"msumloglike-3_15"
"508","R",12773802,"msumloglike-3_15"
"509","Rcpp",1086277,"msumloglike-3_15"
"510","R",13131261,"msumloglike-3_15"
"511","R",12918282,"msumloglike-3_15"
"512","R",13006357,"msumloglike-3_15"
"513","Rcpp",1085315,"msumloglike-3_15"
"514","Rcpp",989996,"msumloglike-3_15"
"515","R",12704922,"msumloglike-3_15"
"516","Rcpp",1031654,"msumloglike-3_15"
"517","Rcpp",1000356,"msumloglike-3_15"
"518","Rcpp",996749,"msumloglike-3_15"
"519","Rcpp",996498,"msumloglike-3_15"
"520","Rcpp",1001407,"msumloglike-3_15"
"521","Rcpp",1024150,"msumloglike-3_15"
"522","R",13187728,"msumloglike-3_15"
"523","R",12909666,"msumloglike-3_15"
"524","Rcpp",1072000,"msumloglike-3_15"
"525","R",12925716,"msumloglike-3_15"
"526","R",12911219,"msumloglike-3_15"
"527","R",13092560,"msumloglike-3_15"
"528","Rcpp",1064366,"msumloglike-3_15"
"529","Rcpp",988233,"msumloglike-3_15"
"530","R",12977424,"msumloglike-3_15"
"531","Rcpp",1090935,"msumloglike-3_15"
"532","Rcpp",995136,"msumloglike-3_15"
"533","R",13059718,"msumloglike-3_15"
"534","Rcpp",1010074,"msumloglike-3_15"
"535","Rcpp",1019992,"msumloglike-3_15"
"536","Rcpp",985558,"msumloglike-3_15"
"537","Rcpp",1000376,"msumloglike-3_15"
"538","Rcpp",995487,"msumloglike-3_15"
"539","Rcpp",961984,"msumloglike-3_15"
"540","R",13005776,"msumloglike-3_15"
"541","Rcpp",1012629,"msumloglike-3_15"
"542","R",12766668,"msumloglike-3_15"
"543","R",13058525,"msumloglike-3_15"
"544","R",12962686,"msumloglike-3_15"
"545","R",24741352,"msumloglike-3_15"
"546","Rcpp",1607124,"msumloglike-3_15"
"547","Rcpp",990046,"msumloglike-3_15"
"548","Rcpp",1043707,"msumloglike-3_15"
"549","R",15908549,"msumloglike-3_15"
"550","Rcpp",1106344,"msumloglike-3_15"
"551","Rcpp",1077640,"msumloglike-3_15"
"552","Rcpp",1014492,"msumloglike-3_15"
"553","Rcpp",1018520,"msumloglike-3_15"
"554","R",15304056,"msumloglike-3_15"
"555","R",15728842,"msumloglike-3_15"
"556","R",15175334,"msumloglike-3_15"
"557","Rcpp",1128937,"msumloglike-3_15"
"558","R",14207299,"msumloglike-3_15"
"559","R",14282640,"msumloglike-3_15"
"560","Rcpp",1078542,"msumloglike-3_15"
"561","R",13588459,"msumloglike-3_15"
"562","Rcpp",1064496,"msumloglike-3_15"
"563","R",14182864,"msumloglike-3_15"
"564","R",14580630,"msumloglike-3_15"
"565","R",13592467,"msumloglike-3_15"
"566","Rcpp",1123287,"msumloglike-3_15"
"567","Rcpp",1024822,"msumloglike-3_15"
"568","R",12934012,"msumloglike-3_15"
"569","R",12929182,"msumloglike-3_15"
"570","R",13409704,"msumloglike-3_15"
"571","Rcpp",1109310,"msumloglike-3_15"
"572","Rcpp",1006237,"msumloglike-3_15"
"573","R",13565406,"msumloglike-3_15"
"574","Rcpp",1064476,"msumloglike-3_15"
"575","Rcpp",1002830,"msumloglike-3_15"
"576","Rcpp",1018870,"msumloglike-3_15"
"577","R",12840697,"msumloglike-3_15"
"578","R",12895049,"msumloglike-3_15"
"579","Rcpp",1027527,"msumloglike-3_15"
"580","Rcpp",1004414,"msumloglike-3_15"
"581","R",13008331,"msumloglike-3_15"
"582","Rcpp",1013270,"msumloglike-3_15"
"583","R",12727855,"msumloglike-3_15"
"584","R",12886092,"msumloglike-3_15"
"585","Rcpp",1061480,"msumloglike-3_15"
"586","Rcpp",1009813,"msumloglike-3_15"
"587","Rcpp",1034330,"msumloglike-3_15"
"588","R",12791615,"msumloglike-3_15"
"589","R",12577784,"msumloglike-3_15"
"590","Rcpp",1021205,"msumloglike-3_15"
"591","R",13141371,"msumloglike-3_15"
"592","R",12679033,"msumloglike-3_15"
"593","R",12844794,"msumloglike-3_15"
"594","Rcpp",1103269,"msumloglike-3_15"
"595","Rcpp",992822,"msumloglike-3_15"
"596","Rcpp",993784,"msumloglike-3_15"
"597","R",12965291,"msumloglike-3_15"
"598","R",12689544,"msumloglike-3_15"
"599","R",13169193,"msumloglike-3_15"
"600","R",13103210,"msumloglike-3_15"
"601","Rcpp",1113328,"msumloglike-3_15"
"602","R",12741040,"msumloglike-3_15"
"603","Rcpp",1035422,"msumloglike-3_15"
"604","R",13035221,"msumloglike-3_15"
"605","R",13025323,"msumloglike-3_15"
"606","R",25789367,"msumloglike-3_15"
"607","Rcpp",1186575,"msumloglike-3_15"
"608","Rcpp",1032155,"msumloglike-3_15"
"609","R",15885876,"msumloglike-3_15"
"610","Rcpp",1105382,"msumloglike-3_15"
"611","R",14886853,"msumloglike-3_15"
"612","R",15198498,"msumloglike-3_15"
"613","R",15295230,"msumloglike-3_15"
"614","R",13525992,"msumloglike-3_15"
"615","R",14017865,"msumloglike-3_15"
"616","Rcpp",1124779,"msumloglike-3_15"
"617","Rcpp",984667,"msumloglike-3_15"
"618","Rcpp",1016376,"msumloglike-3_15"
"619","R",13626100,"msumloglike-3_15"
"620","R",14410882,"msumloglike-3_15"
"621","R",14541286,"msumloglike-3_15"
"622","Rcpp",1110963,"msumloglike-3_15"
"623","R",13586315,"msumloglike-3_15"
"624","R",13834270,"msumloglike-3_15"
"625","R",13114089,"msumloglike-3_15"
"626","R",13227332,"msumloglike-3_15"
"627","Rcpp",1087449,"msumloglike-3_15"
"628","Rcpp",997049,"msumloglike-3_15"
"629","Rcpp",1006327,"msumloglike-3_15"
"630","R",13632742,"msumloglike-3_15"
"631","R",12935776,"msumloglike-3_15"
"632","Rcpp",1030112,"msumloglike-3_15"
"633","R",12776397,"msumloglike-3_15"
"634","R",13005115,"msumloglike-3_15"
"635","Rcpp",1053255,"msumloglike-3_15"
"636","Rcpp",981210,"msumloglike-3_15"
"637","R",13068985,"msumloglike-3_15"
"638","Rcpp",1039319,"msumloglike-3_15"
"639","R",12998062,"msumloglike-3_15"
"640","R",12678713,"msumloglike-3_15"
"641","Rcpp",1056181,"msumloglike-3_15"
"642","Rcpp",988684,"msumloglike-3_15"
"643","Rcpp",1012338,"msumloglike-3_15"
"644","Rcpp",996598,"msumloglike-3_15"
"645","Rcpp",1011286,"msumloglike-3_15"
"646","R",12835087,"msumloglike-3_15"
"647","Rcpp",1053646,"msumloglike-3_15"
"648","Rcpp",993453,"msumloglike-3_15"
"649","R",12801654,"msumloglike-3_15"
"650","Rcpp",1037726,"msumloglike-3_15"
"651","Rcpp",992612,"msumloglike-3_15"
"652","Rcpp",997650,"msumloglike-3_15"
"653","Rcpp",988744,"msumloglike-3_15"
"654","R",13017168,"msumloglike-3_15"
"655","Rcpp",1012979,"msumloglike-3_15"
"656","Rcpp",992781,"msumloglike-3_15"
"657","R",12868378,"msumloglike-3_15"
"658","Rcpp",1050349,"msumloglike-3_15"
"659","Rcpp",985648,"msumloglike-3_15"
"660","Rcpp",962595,"msumloglike-3_15"
"661","R",13061691,"msumloglike-3_15"
"662","R",12773851,"msumloglike-3_15"
"663","Rcpp",1051321,"msumloglike-3_15"
"664","R",12866084,"msumloglike-3_15"
"665","R",13146050,"msumloglike-3_15"
"666","Rcpp",1043547,"msumloglike-3_15"
"667","R",13069897,"msumloglike-3_15"
"668","R",13094172,"msumloglike-3_15"
"669","Rcpp",1059727,"msumloglike-3_15"
"670","R",13056912,"msumloglike-3_15"
"671","Rcpp",1062953,"msumloglike-3_15"
"672","R",27191075,"msumloglike-3_15"
"673","R",15455840,"msumloglike-3_15"
"674","R",14704913,"msumloglike-3_15"
"675","R",15855109,"msumloglike-3_15"
"676","R",14005862,"msumloglike-3_15"
"677","Rcpp",1155547,"msumloglike-3_15"
"678","R",14152096,"msumloglike-3_15"
"679","Rcpp",1085676,"msumloglike-3_15"
"680","Rcpp",1024842,"msumloglike-3_15"
"681","Rcpp",1020984,"msumloglike-3_15"
"682","R",13888482,"msumloglike-3_15"
"683","R",13691032,"msumloglike-3_15"
"684","Rcpp",1064296,"msumloglike-3_15"
"685","R",14369183,"msumloglike-3_15"
"686","Rcpp",1072080,"msumloglike-3_15"
"687","Rcpp",1083161,"msumloglike-3_15"
"688","R",13606352,"msumloglike-3_15"
"689","R",13194931,"msumloglike-3_15"
"690","Rcpp",1073543,"msumloglike-3_15"
"691","Rcpp",1007319,"msumloglike-3_15"
"692","Rcpp",1000647,"msumloglike-3_15"
"693","R",13028890,"msumloglike-3_15"
"694","R",13638083,"msumloglike-3_15"
"695","Rcpp",1028038,"msumloglike-3_15"
"696","R",13705959,"msumloglike-3_15"
"697","R",12965250,"msumloglike-3_15"
"698","R",13006738,"msumloglike-3_15"
"699","Rcpp",1106736,"msumloglike-3_15"
"700","Rcpp",1001368,"msumloglike-3_15"
"701","R",13060299,"msumloglike-3_15"
"702","R",12968998,"msumloglike-3_15"
"703","Rcpp",1030893,"msumloglike-3_15"
"704","Rcpp",971862,"msumloglike-3_15"
"705","Rcpp",973756,"msumloglike-3_15"
"706","R",12908944,"msumloglike-3_15"
"707","R",12852188,"msumloglike-3_15"
"708","R",13201153,"msumloglike-3_15"
"709","Rcpp",1120912,"msumloglike-3_15"
"710","R",12819297,"msumloglike-3_15"
"711","R",12709962,"msumloglike-3_15"
"712","Rcpp",1078482,"msumloglike-3_15"
"713","Rcpp",997740,"msumloglike-3_15"
"714","R",13335805,"msumloglike-3_15"
"715","Rcpp",1062553,"msumloglike-3_15"
"716","Rcpp",998212,"msumloglike-3_15"
"717","R",13029331,"msumloglike-3_15"
"718","R",12969809,"msumloglike-3_15"
"719","R",12777869,"msumloglike-3_15"
"720","Rcpp",1100052,"msumloglike-3_15"
"721","R",13056211,"msumloglike-3_15"
"722","Rcpp",1053265,"msumloglike-3_15"
"723","Rcpp",987772,"msumloglike-3_15"
"724","R",12889047,"msumloglike-3_15"
"725","Rcpp",1071539,"msumloglike-3_15"
"726","Rcpp",1038958,"msumloglike-3_15"
"727","Rcpp",988243,"msumloglike-3_15"
"728","R",12989927,"msumloglike-3_15"
"729","Rcpp",1018240,"msumloglike-3_15"
"730","R",12709902,"msumloglike-3_15"
"731","R",24836650,"msumloglike-3_15"
"732","Rcpp",1152591,"msumloglike-3_15"
"733","Rcpp",1020914,"msumloglike-3_15"
"734","R",15609308,"msumloglike-3_15"
"735","Rcpp",1099552,"msumloglike-3_15"
"736","R",15153754,"msumloglike-3_15"
"737","R",15655135,"msumloglike-3_15"
"738","R",15731247,"msumloglike-3_15"
"739","Rcpp",1167199,"msumloglike-3_15"
"740","R",13957390,"msumloglike-3_15"
"741","R",13891507,"msumloglike-3_15"
"742","Rcpp",1130169,"msumloglike-3_15"
"743","R",13870037,"msumloglike-3_15"
"744","Rcpp",1088380,"msumloglike-3_15"
"745","R",13940970,"msumloglike-3_15"
"746","R",14853141,"msumloglike-3_15"
"747","R",13884604,"msumloglike-3_15"
"748","Rcpp",1112987,"msumloglike-3_15"
"749","R",13985694,"msumloglike-3_15"
"750","R",12872617,"msumloglike-3_15"
"751","R",13274039,"msumloglike-3_15"
"752","Rcpp",1074074,"msumloglike-3_15"
"753","R",13589721,"msumloglike-3_15"
"754","Rcpp",1041433,"msumloglike-3_15"
"755","R",13066901,"msumloglike-3_15"
"756","R",12789491,"msumloglike-3_15"
"757","Rcpp",1077992,"msumloglike-3_15"
"758","R",12819177,"msumloglike-3_15"
"759","Rcpp",1058284,"msumloglike-3_15"
"760","R",12928081,"msumloglike-3_15"
"761","R",12950794,"msumloglike-3_15"
"762","Rcpp",1011958,"msumloglike-3_15"
"763","R",12631545,"msumloglike-3_15"
"764","Rcpp",1048346,"msumloglike-3_15"
"765","R",12667953,"msumloglike-3_15"
"766","R",12902323,"msumloglike-3_15"
"767","R",13312792,"msumloglike-3_15"
"768","Rcpp",1051561,"msumloglike-3_15"
"769","Rcpp",1042124,"msumloglike-3_15"
"770","Rcpp",993904,"msumloglike-3_15"
"771","R",13245676,"msumloglike-3_15"
"772","R",13157441,"msumloglike-3_15"
"773","R",12683963,"msumloglike-3_15"
"774","Rcpp",1062492,"msumloglike-3_15"
"775","R",13234335,"msumloglike-3_15"
"776","Rcpp",1048677,"msumloglike-3_15"
"777","R",13050310,"msumloglike-3_15"
"778","R",12747142,"msumloglike-3_15"
"779","R",12854533,"msumloglike-3_15"
"780","R",12890912,"msumloglike-3_15"
"781","R",13191004,"msumloglike-3_15"
"782","Rcpp",1139607,"msumloglike-3_15"
"783","Rcpp",994865,"msumloglike-3_15"
"784","R",26334138,"msumloglike-3_15"
"785","Rcpp",1226460,"msumloglike-3_15"
"786","R",15735935,"msumloglike-3_15"
"787","R",14217979,"msumloglike-3_15"
"788","Rcpp",1096516,"msumloglike-3_15"
"789","R",15937213,"msumloglike-3_15"
"790","Rcpp",1182898,"msumloglike-3_15"
"791","Rcpp",1162690,"msumloglike-3_15"
"792","Rcpp",1226570,"msumloglike-3_15"
"793","Rcpp",1203697,"msumloglike-3_15"
"794","R",13591215,"msumloglike-3_15"
"795","Rcpp",1058004,"msumloglike-3_15"
"796","Rcpp",1022878,"msumloglike-3_15"
"797","Rcpp",1025623,"msumloglike-3_15"
"798","R",14058801,"msumloglike-3_15"
"799","R",13887660,"msumloglike-3_15"
"800","Rcpp",1095384,"msumloglike-3_15"
"801","R",13549025,"msumloglike-3_15"
"802","R",15110834,"msumloglike-3_15"
"803","Rcpp",1162300,"msumloglike-3_15"
"804","Rcpp",1052083,"msumloglike-3_15"
"805","R",13801358,"msumloglike-3_15"
"806","R",13580184,"msumloglike-3_15"
"807","R",13385579,"msumloglike-3_15"
"808","Rcpp",1062352,"msumloglike-3_15"
"809","R",13495465,"msumloglike-3_15"
"810","Rcpp",1069476,"msumloglike-3_15"
"811","R",13771532,"msumloglike-3_15"
"812","R",13369559,"msumloglike-3_15"
"813","Rcpp",1076789,"msumloglike-3_15"
"814","R",13074285,"msumloglike-3_15"
"815","Rcpp",1016756,"msumloglike-3_15"
"816","R",12616396,"msumloglike-3_15"
"817","Rcpp",1042915,"msumloglike-3_15"
"818","Rcpp",987311,"msumloglike-3_15"
"819","R",12951886,"msumloglike-3_15"
"820","Rcpp",1036273,"msumloglike-3_15"
"821","R",12987803,"msumloglike-3_15"
"822","R",13003232,"msumloglike-3_15"
"823","Rcpp",1053876,"msumloglike-3_15"
"824","R",13287574,"msumloglike-3_15"
"825","Rcpp",1061109,"msumloglike-3_15"
"826","R",13055690,"msumloglike-3_15"
"827","R",12901601,"msumloglike-3_15"
"828","R",12863530,"msumloglike-3_15"
"829","R",13026025,"msumloglike-3_15"
"830","R",13066100,"msumloglike-3_15"
"831","Rcpp",1091487,"msumloglike-3_15"
"832","Rcpp",994695,"msumloglike-3_15"
"833","Rcpp",993002,"msumloglike-3_15"
"834","R",12933641,"msumloglike-3_15"
"835","R",12876444,"msumloglike-3_15"
"836","R",12770666,"msumloglike-3_15"
"837","R",12903174,"msumloglike-3_15"
"838","Rcpp",1141891,"msumloglike-3_15"
"839","R",13267397,"msumloglike-3_15"
"840","Rcpp",1052524,"msumloglike-3_15"
"841","R",13157912,"msumloglike-3_15"
"842","R",26619203,"msumloglike-3_15"
"843","R",15662758,"msumloglike-3_15"
"844","Rcpp",1157470,"msumloglike-3_15"
"845","Rcpp",1026545,"msumloglike-3_15"
"846","Rcpp",1023770,"msumloglike-3_15"
"847","Rcpp",1015314,"msumloglike-3_15"
"848","Rcpp",1006247,"msumloglike-3_15"
"849","Rcpp",1013340,"msumloglike-3_15"
"850","Rcpp",1006788,"msumloglike-3_15"
"851","R",14966113,"msumloglike-3_15"
"852","R",16001925,"msumloglike-3_15"
"853","Rcpp",1061921,"msumloglike-3_15"
"854","R",13571076,"msumloglike-3_15"
"855","R",13862233,"msumloglike-3_15"
"856","Rcpp",1136682,"msumloglike-3_15"
"857","Rcpp",1050530,"msumloglike-3_15"
"858","Rcpp",1019512,"msumloglike-3_15"
"859","Rcpp",1035101,"msumloglike-3_15"
"860","Rcpp",1004714,"msumloglike-3_15"
"861","R",14227157,"msumloglike-3_15"
"862","Rcpp",1100554,"msumloglike-3_15"
"863","R",14282611,"msumloglike-3_15"
"864","Rcpp",1106906,"msumloglike-3_15"
"865","Rcpp",1056000,"msumloglike-3_15"
"866","Rcpp",1052433,"msumloglike-3_15"
"867","R",14210596,"msumloglike-3_15"
"868","Rcpp",1075978,"msumloglike-3_15"
"869","R",13989081,"msumloglike-3_15"
"870","Rcpp",1033808,"msumloglike-3_15"
"871","Rcpp",999574,"msumloglike-3_15"
"872","Rcpp",1009172,"msumloglike-3_15"
"873","R",13378936,"msumloglike-3_15"
"874","Rcpp",1091206,"msumloglike-3_15"
"875","Rcpp",998101,"msumloglike-3_15"
"876","Rcpp",1004693,"msumloglike-3_15"
"877","R",13291302,"msumloglike-3_15"
"878","R",13767706,"msumloglike-3_15"
"879","Rcpp",1058445,"msumloglike-3_15"
"880","R",13781090,"msumloglike-3_15"
"881","Rcpp",1011426,"msumloglike-3_15"
"882","Rcpp",997270,"msumloglike-3_15"
"883","R",13025132,"msumloglike-3_15"
"884","R",12878297,"msumloglike-3_15"
"885","Rcpp",1081678,"msumloglike-3_15"
"886","R",12966203,"msumloglike-3_15"
"887","R",13051673,"msumloglike-3_15"
"888","R",13041724,"msumloglike-3_15"
"889","Rcpp",1090115,"msumloglike-3_15"
"890","R",12818114,"msumloglike-3_15"
"891","R",12971492,"msumloglike-3_15"
"892","R",12668104,"msumloglike-3_15"
"893","Rcpp",1074325,"msumloglike-3_15"
"894","R",12984035,"msumloglike-3_15"
"895","Rcpp",1050279,"msumloglike-3_15"
"896","Rcpp",987732,"msumloglike-3_15"
"897","Rcpp",996017,"msumloglike-3_15"
"898","Rcpp",993503,"msumloglike-3_15"
"899","R",13294438,"msumloglike-3_15"
"900","Rcpp",1033257,"msumloglike-3_15"
"901","R",12910968,"msumloglike-3_15"
"902","Rcpp",1047243,"msumloglike-3_15"
"903","Rcpp",987241,"msumloglike-3_15"
"904","R",13100074,"msumloglike-3_15"
"905","R",13000757,"msumloglike-3_15"
"906","Rcpp",1056752,"msumloglike-3_15"
"907","R",12889359,"msumloglike-3_15"
"908","R",13021386,"msumloglike-3_15"
"909","R",13185494,"msumloglike-3_15"
"910","R",13270223,"msumloglike-3_15"
"911","Rcpp",1098510,"msumloglike-3_15"
"912","Rcpp",1003773,"msumloglike-3_15"
"913","R",283142186,"msumloglike-3_15"
"914","R",9693035,"msumloglike-3_15"
"915","Rcpp",943739,"msumloglike-3_15"
"916","R",9670734,"msumloglike-3_15"
"917","R",9852714,"msumloglike-3_15"
"918","Rcpp",942256,"msumloglike-3_15"
"919","Rcpp",883907,"msumloglike-3_15"
"920","R",9457584,"msumloglike-3_15"
"921","Rcpp",887424,"msumloglike-3_15"
"922","Rcpp",864812,"msumloglike-3_15"
"923","Rcpp",865383,"msumloglike-3_15"
"924","R",9462232,"msumloglike-3_15"
"925","R",9390518,"msumloglike-3_15"
"926","Rcpp",899035,"msumloglike-3_15"
"927","Rcpp",857848,"msumloglike-3_15"
"928","Rcpp",856406,"msumloglike-3_15"
"929","R",12234020,"msumloglike-3_15"
"930","R",14747603,"msumloglike-3_15"
"931","Rcpp",1124339,"msumloglike-3_15"
"932","Rcpp",1036674,"msumloglike-3_15"
"933","R",13394485,"msumloglike-3_15"
"934","Rcpp",1039178,"msumloglike-3_15"
"935","Rcpp",994084,"msumloglike-3_15"
"936","R",13452103,"msumloglike-3_15"
"937","Rcpp",1008360,"msumloglike-3_15"
"938","R",13425002,"msumloglike-3_15"
"939","R",12643066,"msumloglike-3_15"
"940","R",11306521,"msumloglike-3_15"
"941","R",11303415,"msumloglike-3_15"
"942","Rcpp",1099582,"msumloglike-3_15"
"943","R",11276674,"msumloglike-3_15"
"944","Rcpp",1069415,"msumloglike-3_15"
"945","R",11126293,"msumloglike-3_15"
"946","R",11023510,"msumloglike-3_15"
"947","Rcpp",1049578,"msumloglike-3_15"
"948","Rcpp",1046112,"msumloglike-3_15"
"949","R",11062032,"msumloglike-3_15"
"950","Rcpp",1090244,"msumloglike-3_15"
"951","R",11167670,"msumloglike-3_15"
"952","Rcpp",1027076,"msumloglike-3_15"
"953","R",11117706,"msumloglike-3_15"
"954","Rcpp",1066850,"msumloglike-3_15"
"955","Rcpp",1015354,"msumloglike-3_15"
"956","R",11004083,"msumloglike-3_15"
"957","R",10969729,"msumloglike-3_15"
"958","Rcpp",1041583,"msumloglike-3_15"
"959","R",11051342,"msumloglike-3_15"
"960","Rcpp",1065658,"msumloglike-3_15"
"961","Rcpp",1009753,"msumloglike-3_15"
"962","R",11007139,"msumloglike-3_15"
"963","R",10973977,"msumloglike-3_15"
"964","Rcpp",1064957,"msumloglike-3_15"
"965","R",11025062,"msumloglike-3_15"
"966","Rcpp",1072861,"msumloglike-3_15"
"967","R",11001618,"msumloglike-3_15"
"968","Rcpp",1062983,"msumloglike-3_15"
"969","R",11023199,"msumloglike-3_15"
"970","R",10998583,"msumloglike-3_15"
"971","R",10941225,"msumloglike-3_15"
"972","R",21578541,"msumloglike-3_15"
"973","Rcpp",1410244,"msumloglike-3_15"
"974","R",15701782,"msumloglike-3_15"
"975","R",15282997,"msumloglike-3_15"
"976","Rcpp",1043066,"msumloglike-3_15"
"977","Rcpp",1019893,"msumloglike-3_15"
"978","Rcpp",1021605,"msumloglike-3_15"
"979","Rcpp",1001618,"msumloglike-3_15"
"980","Rcpp",1007800,"msumloglike-3_15"
"981","Rcpp",1008992,"msumloglike-3_15"
"982","R",15150549,"msumloglike-3_15"
"983","Rcpp",1301120,"msumloglike-3_15"
"984","R",15269211,"msumloglike-3_15"
"985","Rcpp",1078302,"msumloglike-3_15"
"986","R",13516484,"msumloglike-3_15"
"987","Rcpp",1058726,"msumloglike-3_15"
"988","Rcpp",1045661,"msumloglike-3_15"
"989","Rcpp",997741,"msumloglike-3_15"
"990","Rcpp",1013060,"msumloglike-3_15"
"991","R",14173907,"msumloglike-3_15"
"992","Rcpp",1081888,"msumloglike-3_15"
"993","R",14531507,"msumloglike-3_15"
"994","R",14539482,"msumloglike-3_15"
"995","Rcpp",1117586,"msumloglike-3_15"
"996","R",14668764,"msumloglike-3_15"
"997","R",14029616,"msumloglike-3_15"
"998","Rcpp",1102337,"msumloglike-3_15"
"999","R",12922861,"msumloglike-3_15"
"1000","R",13671294,"msumloglike-3_15"
"1001","Rcpp",1040932,"msumloglike-3_15"
"1002","R",13347707,"msumloglike-3_15"
"1003","R",12866014,"msumloglike-3_15"
"1004","R",12735530,"msumloglike-3_15"
"1005","Rcpp",1111374,"msumloglike-3_15"
"1006","Rcpp",1019221,"msumloglike-3_15"
"1007","Rcpp",990057,"msumloglike-3_15"
"1008","R",13260514,"msumloglike-3_15"
"1009","Rcpp",1051060,"msumloglike-3_15"
"1010","Rcpp",994094,"msumloglike-3_15"
"1011","Rcpp",974467,"msumloglike-3_15"
"1012","Rcpp",968836,"msumloglike-3_15"
"1013","Rcpp",980669,"msumloglike-3_15"
"1014","Rcpp",983794,"msumloglike-3_15"
"1015","Rcpp",986069,"msumloglike-3_15"
"1016","R",13074065,"msumloglike-3_15"
"1017","R",13004384,"msumloglike-3_15"
"1018","Rcpp",1065377,"msumloglike-3_15"
"1019","Rcpp",997200,"msumloglike-3_15"
"1020","R",13197706,"msumloglike-3_15"
"1021","Rcpp",1048967,"msumloglike-3_15"
"1022","R",12977453,"msumloglike-3_15"
"1023","Rcpp",1052363,"msumloglike-3_15"
"1024","R",13027758,"msumloglike-3_15"
"1025","R",13064186,"msumloglike-3_15"
"1026","Rcpp",1015935,"msumloglike-3_15"
"1027","Rcpp",991028,"msumloglike-3_15"
"1028","Rcpp",997580,"msumloglike-3_15"
"1029","R",13328882,"msumloglike-3_15"
"1030","R",12920136,"msumloglike-3_15"
"1031","Rcpp",1040821,"msumloglike-3_15"
"1032","R",12699081,"msumloglike-3_15"
"1033","R",12989466,"msumloglike-3_15"
"1034","R",12946215,"msumloglike-3_15"
"1035","Rcpp",1084975,"msumloglike-3_15"
"1036","Rcpp",996629,"msumloglike-3_15"
"1037","Rcpp",1005826,"msumloglike-3_15"
"1038","R",13198848,"msumloglike-3_15"
"1039","Rcpp",1025132,"msumloglike-3_15"
"1040","Rcpp",980449,"msumloglike-3_15"
"1041","R",13327129,"msumloglike-3_15"
"1042","R",12784471,"msumloglike-3_15"
"1043","Rcpp",1019652,"msumloglike-3_15"
"1044","Rcpp",973776,"msumloglike-3_15"
"1045","R",24582384,"msumloglike-3_15"
"1046","R",15568241,"msumloglike-3_15"
"1047","R",15188169,"msumloglike-3_15"
"1048","Rcpp",1157110,"msumloglike-3_15"
"1049","R",14501001,"msumloglike-3_15"
"1050","Rcpp",1211712,"msumloglike-3_15"
"1051","R",15792051,"msumloglike-3_15"
"1052","Rcpp",1039749,"msumloglike-3_15"
"1053","R",13500053,"msumloglike-3_15"
"1054","Rcpp",1053766,"msumloglike-3_15"
"1055","Rcpp",1016896,"msumloglike-3_15"
"1056","Rcpp",1005245,"msumloglike-3_15"
"1057","R",13938415,"msumloglike-3_15"
"1058","R",13960446,"msumloglike-3_15"
"1059","R",13665714,"msumloglike-3_15"
"1060","Rcpp",1161748,"msumloglike-3_15"
"1061","Rcpp",1062693,"msumloglike-3_15"
"1062","Rcpp",1088972,"msumloglike-3_15"
"1063","Rcpp",1098760,"msumloglike-3_15"
"1064","R",14759625,"msumloglike-3_15"
"1065","R",14094218,"msumloglike-3_15"
"1066","R",13555588,"msumloglike-3_15"
"1067","R",13382583,"msumloglike-3_15"
"1068","Rcpp",1141470,"msumloglike-3_15"
"1069","Rcpp",999745,"msumloglike-3_15"
"1070","R",13453506,"msumloglike-3_15"
"1071","R",13056662,"msumloglike-3_15"
"1072","R",13056812,"msumloglike-3_15"
"1073","R",13282385,"msumloglike-3_15"
"1074","R",13045922,"msumloglike-3_15"
"1075","Rcpp",1112156,"msumloglike-3_15"
"1076","R",13100214,"msumloglike-3_15"
"1077","Rcpp",1036313,"msumloglike-3_15"
"1078","Rcpp",993173,"msumloglike-3_15"
"1079","R",12880822,"msumloglike-3_15"
"1080","Rcpp",1029671,"msumloglike-3_15"
"1081","Rcpp",962545,"msumloglike-3_15"
"1082","R",13086538,"msumloglike-3_15"
"1083","R",13240797,"msumloglike-3_15"
"1084","Rcpp",1016286,"msumloglike-3_15"
"1085","R",13181827,"msumloglike-3_15"
"1086","Rcpp",1015103,"msumloglike-3_15"
"1087","Rcpp",984747,"msumloglike-3_15"
"1088","Rcpp",995787,"msumloglike-3_15"
"1089","R",12642275,"msumloglike-3_15"
"1090","R",13020735,"msumloglike-3_15"
"1091","R",13040592,"msumloglike-3_15"
"1092","Rcpp",1059958,"msumloglike-3_15"
"1093","Rcpp",997551,"msumloglike-3_15"
"1094","Rcpp",980509,"msumloglike-3_15"
"1095","R",12748414,"msumloglike-3_15"
"1096","R",13171678,"msumloglike-3_15"
"1097","R",13126163,"msumloglike-3_15"
"1098","Rcpp",1080706,"msumloglike-3_15"
"1099","R",12759404,"msumloglike-3_15"
"1100","R",13322611,"msumloglike-3_15"
"1101","Rcpp",1021505,"msumloglike-3_15"
"1102","R",13012118,"msumloglike-3_15"
"1103","Rcpp",1043607,"msumloglike-3_15"
"1104","R",24567095,"msumloglike-3_15"
"1105","R",15649875,"msumloglike-3_15"
"1106","R",15216542,"msumloglike-3_15"
"1107","Rcpp",1169313,"msumloglike-3_15"
"1108","R",15287344,"msumloglike-3_15"
"1109","Rcpp",1235597,"msumloglike-3_15"
"1110","Rcpp",1149927,"msumloglike-3_15"
"1111","R",15502187,"msumloglike-3_15"
"1112","R",13564394,"msumloglike-3_15"
"1113","Rcpp",1055459,"msumloglike-3_15"
"1114","Rcpp",1011547,"msumloglike-3_15"
"1115","Rcpp",1018670,"msumloglike-3_15"
"1116","Rcpp",1026956,"msumloglike-3_15"
"1117","Rcpp",1003321,"msumloglike-3_15"
"1118","R",13945648,"msumloglike-3_15"
"1119","R",14185178,"msumloglike-3_15"
"1120","R",14647365,"msumloglike-3_15"
"1121","Rcpp",1154665,"msumloglike-3_15"
"1122","R",14775785,"msumloglike-3_15"
"1123","R",14030639,"msumloglike-3_15"
"1124","Rcpp",1101265,"msumloglike-3_15"
"1125","R",13816586,"msumloglike-3_15"
"1126","Rcpp",1040411,"msumloglike-3_15"
"1127","R",13368948,"msumloglike-3_15"
"1128","Rcpp",1053015,"msumloglike-3_15"
"1129","Rcpp",1007599,"msumloglike-3_15"
"1130","Rcpp",976391,"msumloglike-3_15"
"1131","Rcpp",1001097,"msumloglike-3_15"
"1132","R",13419913,"msumloglike-3_15"
"1133","R",12885692,"msumloglike-3_15"
"1134","R",13061611,"msumloglike-3_15"
"1135","R",13141180,"msumloglike-3_15"
"1136","R",13134127,"msumloglike-3_15"
"1137","Rcpp",1119089,"msumloglike-3_15"
"1138","Rcpp",984075,"msumloglike-3_15"
"1139","R",13141051,"msumloglike-3_15"
"1140","Rcpp",1035782,"msumloglike-3_15"
"1141","Rcpp",998302,"msumloglike-3_15"
"1142","Rcpp",995777,"msumloglike-3_15"
"1143","Rcpp",996388,"msumloglike-3_15"
"1144","R",13036164,"msumloglike-3_15"
"1145","Rcpp",1032887,"msumloglike-3_15"
"1146","Rcpp",993573,"msumloglike-3_15"
"1147","R",13058665,"msumloglike-3_15"
"1148","Rcpp",1038046,"msumloglike-3_15"
"1149","Rcpp",991910,"msumloglike-3_15"
"1150","R",13117696,"msumloglike-3_15"
"1151","R",12817794,"msumloglike-3_15"
"1152","Rcpp",1020805,"msumloglike-3_15"
"1153","Rcpp",995356,"msumloglike-3_15"
"1154","R",13251518,"msumloglike-3_15"
"1155","Rcpp",1032446,"msumloglike-3_15"
"1156","R",13173862,"msumloglike-3_15"
"1157","Rcpp",1070998,"msumloglike-3_15"
"1158","R",12844124,"msumloglike-3_15"
"1159","Rcpp",1028479,"msumloglike-3_15"
"1160","R",13123557,"msumloglike-3_15"
"1161","Rcpp",1013451,"msumloglike-3_15"
"1162","Rcpp",989676,"msumloglike-3_15"
"1163","R",12846849,"msumloglike-3_15"
"1164","R",12805612,"msumloglike-3_15"
"1165","R",13089864,"msumloglike-3_15"
"1166","R",12964589,"msumloglike-3_15"
"1167","Rcpp",1075267,"msumloglike-3_15"
"1168","Rcpp",977232,"msumloglike-3_15"
"1169","R",13090475,"msumloglike-3_15"
"1170","Rcpp",11888732,"msumloglike-3_15"
"1171","R",15755102,"msumloglike-3_15"
"1172","Rcpp",1175154,"msumloglike-3_15"
"1173","R",15343530,"msumloglike-3_15"
"1174","Rcpp",1072811,"msumloglike-3_15"
"1175","Rcpp",1017959,"msumloglike-3_15"
"1176","R",14315733,"msumloglike-3_15"
"1177","Rcpp",1280781,"msumloglike-3_15"
"1178","R",16028043,"msumloglike-3_15"
"1179","Rcpp",998752,"msumloglike-3_15"
"1180","Rcpp",1000957,"msumloglike-3_15"
"1181","Rcpp",1001298,"msumloglike-3_15"
"1182","R",13538165,"msumloglike-3_15"
"1183","R",14397166,"msumloglike-3_15"
"1184","R",14122080,"msumloglike-3_15"
"1185","R",14018836,"msumloglike-3_15"
"1186","Rcpp",1335334,"msumloglike-3_15"
"1187","Rcpp",1123036,"msumloglike-3_15"
"1188","R",14663686,"msumloglike-3_15"
"1189","R",13411097,"msumloglike-3_15"
"1190","R",13468194,"msumloglike-3_15"
"1191","Rcpp",1106154,"msumloglike-3_15"
"1192","R",13471680,"msumloglike-3_15"
"1193","Rcpp",1070237,"msumloglike-3_15"
"1194","R",13202255,"msumloglike-3_15"
"1195","R",13069405,"msumloglike-3_15"
"1196","R",12931607,"msumloglike-3_15"
"1197","R",13118217,"msumloglike-3_15"
"1198","R",12754174,"msumloglike-3_15"
"1199","Rcpp",1110472,"msumloglike-3_15"
"1200","Rcpp",989806,"msumloglike-3_15"
"1201","R",12978285,"msumloglike-3_15"
"1202","Rcpp",1054367,"msumloglike-3_15"
"1203","R",13261796,"msumloglike-3_15"
"1204","Rcpp",1043537,"msumloglike-3_15"
"1205","Rcpp",1028999,"msumloglike-3_15"
"1206","R",13079835,"msumloglike-3_15"
"1207","R",13247930,"msumloglike-3_15"
"1208","R",12988764,"msumloglike-3_15"
"1209","Rcpp",1094061,"msumloglike-3_15"
"1210","Rcpp",988364,"msumloglike-3_15"
"1211","R",13082570,"msumloglike-3_15"
"1212","Rcpp",1099522,"msumloglike-3_15"
"1213","Rcpp",987943,"msumloglike-3_15"
"1214","Rcpp",995557,"msumloglike-3_15"
"1215","R",12661581,"msumloglike-3_15"
"1216","Rcpp",1046543,"msumloglike-3_15"
"1217","R",13111064,"msumloglike-3_15"
"1218","Rcpp",1036143,"msumloglike-3_15"
"1219","R",13313914,"msumloglike-3_15"
"1220","Rcpp",1075667,"msumloglike-3_15"
"1221","R",13210170,"msumloglike-3_15"
"1222","Rcpp",1049869,"msumloglike-3_15"
"1223","R",13169043,"msumloglike-3_15"
"1224","R",12816552,"msumloglike-3_15"
"1225","R",13029481,"msumloglike-3_15"
"1226","Rcpp",1038999,"msumloglike-3_15"
"1227","Rcpp",998132,"msumloglike-3_15"
"1228","R",13057053,"msumloglike-3_15"
"1229","R",23503651,"msumloglike-3_15"
"1230","R",15971568,"msumloglike-3_15"
"1231","Rcpp",1149475,"msumloglike-3_15"
"1232","R",15322700,"msumloglike-3_15"
"1233","Rcpp",1089212,"msumloglike-3_15"
"1234","R",14526789,"msumloglike-3_15"
"1235","R",15952712,"msumloglike-3_15"
"1236","Rcpp",1110082,"msumloglike-3_15"
"1237","R",13148975,"msumloglike-3_15"
"1238","Rcpp",1081828,"msumloglike-3_15"
"1239","R",13912106,"msumloglike-3_15"
"1240","R",14024026,"msumloglike-3_15"
"1241","Rcpp",1091467,"msumloglike-3_15"
"1242","R",14050516,"msumloglike-3_15"
"1243","R",14901331,"msumloglike-3_15"
"1244","R",14081624,"msumloglike-3_15"
"1245","Rcpp",1132924,"msumloglike-3_15"
"1246","R",13462904,"msumloglike-3_15"
"1247","Rcpp",1017588,"msumloglike-3_15"
"1248","Rcpp",998873,"msumloglike-3_15"
"1249","R",13652699,"msumloglike-3_15"
"1250","R",13785118,"msumloglike-3_15"
"1251","Rcpp",1084995,"msumloglike-3_15"
"1252","R",12925296,"msumloglike-3_15"
"1253","Rcpp",1048446,"msumloglike-3_15"
"1254","R",12797385,"msumloglike-3_15"
"1255","Rcpp",1053255,"msumloglike-3_15"
"1256","Rcpp",955542,"msumloglike-3_15"
"1257","Rcpp",1036484,"msumloglike-3_15"
"1258","Rcpp",987351,"msumloglike-3_15"
"1259","Rcpp",980048,"msumloglike-3_15"
"1260","R",13005737,"msumloglike-3_15"
"1261","Rcpp",1010165,"msumloglike-3_15"
"1262","Rcpp",991569,"msumloglike-3_15"
"1263","R",16532860,"msumloglike-3_15"
"1264","Rcpp",1114840,"msumloglike-3_15"
"1265","Rcpp",989316,"msumloglike-3_15"
"1266","R",12728046,"msumloglike-3_15"
"1267","Rcpp",1017308,"msumloglike-3_15"
"1268","Rcpp",986880,"msumloglike-3_15"
"1269","Rcpp",968496,"msumloglike-3_15"
"1270","Rcpp",993252,"msumloglike-3_15"
"1271","R",12882555,"msumloglike-3_15"
"1272","R",12779091,"msumloglike-3_15"
"1273","R",13118197,"msumloglike-3_15"
"1274","R",13008070,"msumloglike-3_15"
"1275","Rcpp",1059887,"msumloglike-3_15"
"1276","R",13014693,"msumloglike-3_15"
"1277","Rcpp",1045320,"msumloglike-3_15"
"1278","Rcpp",986269,"msumloglike-3_15"
"1279","Rcpp",979868,"msumloglike-3_15"
"1280","R",13153413,"msumloglike-3_15"
"1281","R",12622989,"msumloglike-3_15"
"1282","Rcpp",1066670,"msumloglike-3_15"
"1283","R",12953208,"msumloglike-3_15"
"1284","Rcpp",1028058,"msumloglike-3_15"
"1285","R",12913824,"msumloglike-3_15"
"1286","Rcpp",1036673,"msumloglike-3_15"
"1287","R",13091597,"msumloglike-3_15"
"1288","Rcpp",1000826,"msumloglike-3_15"
"1289","R",13039499,"msumloglike-3_15"
"1290","R",12785273,"msumloglike-3_15"
"1291","Rcpp",1005445,"msumloglike-3_15"
"1292","R",13328712,"msumloglike-3_15"
"1293","Rcpp",1032556,"msumloglike-3_15"
"1294","Rcpp",988784,"msumloglike-3_15"
"1295","Rcpp",996920,"msumloglike-3_15"
"1296","R",26374684,"msumloglike-3_15"
"1297","R",15688566,"msumloglike-3_15"
"1298","R",14568557,"msumloglike-3_15"
"1299","R",15486087,"msumloglike-3_15"
"1300","Rcpp",1562460,"msumloglike-3_15"
"1301","R",14299663,"msumloglike-3_15"
"1302","Rcpp",1076178,"msumloglike-3_15"
"1303","Rcpp",1007990,"msumloglike-3_15"
"1304","R",13638332,"msumloglike-3_15"
"1305","Rcpp",1082419,"msumloglike-3_15"
"1306","R",14433974,"msumloglike-3_15"
"1307","Rcpp",1074605,"msumloglike-3_15"
"1308","Rcpp",1019411,"msumloglike-3_15"
"1309","R",13526392,"msumloglike-3_15"
"1310","R",14828283,"msumloglike-3_15"
"1311","R",14344757,"msumloglike-3_15"
"1312","Rcpp",1099502,"msumloglike-3_15"
"1313","R",13774999,"msumloglike-3_15"
"1314","Rcpp",1071399,"msumloglike-3_15"
"1315","Rcpp",997821,"msumloglike-3_15"
"1316","R",13693556,"msumloglike-3_15"
"1317","R",13365511,"msumloglike-3_15"
"1318","R",13451512,"msumloglike-3_15"
"1319","Rcpp",1106395,"msumloglike-3_15"
"1320","R",13250175,"msumloglike-3_15"
"1321","R",13313504,"msumloglike-3_15"
"1322","R",12608211,"msumloglike-3_15"
"1323","Rcpp",1100744,"msumloglike-3_15"
"1324","Rcpp",992231,"msumloglike-3_15"
"1325","R",12868529,"msumloglike-3_15"
"1326","Rcpp",1005666,"msumloglike-3_15"
"1327","Rcpp",983144,"msumloglike-3_15"
"1328","Rcpp",995396,"msumloglike-3_15"
"1329","R",12901260,"msumloglike-3_15"
"1330","R",12785894,"msumloglike-3_15"
"1331","Rcpp",1068263,"msumloglike-3_15"
"1332","Rcpp",1006547,"msumloglike-3_15"
"1333","R",12986530,"msumloglike-3_15"
"1334","R",13060739,"msumloglike-3_15"
"1335","Rcpp",1043546,"msumloglike-3_15"
"1336","R",12986881,"msumloglike-3_15"
"1337","R",12983304,"msumloglike-3_15"
"1338","Rcpp",1043577,"msumloglike-3_15"
"1339","Rcpp",993052,"msumloglike-3_15"
"1340","Rcpp",986029,"msumloglike-3_15"
"1341","R",13053757,"msumloglike-3_15"
"1342","R",12733877,"msumloglike-3_15"
"1343","Rcpp",1061140,"msumloglike-3_15"
"1344","Rcpp",984266,"msumloglike-3_15"
"1345","R",13137764,"msumloglike-3_15"
"1346","Rcpp",1005595,"msumloglike-3_15"
"1347","R",12530625,"msumloglike-3_15"
"1348","Rcpp",1007439,"msumloglike-3_15"
"1349","R",12954010,"msumloglike-3_15"
"1350","R",12938580,"msumloglike-3_15"
"1351","Rcpp",1025112,"msumloglike-3_15"
"1352","Rcpp",984556,"msumloglike-3_15"
"1353","Rcpp",996759,"msumloglike-3_15"
"1354","R",12950302,"msumloglike-3_15"
"1355","Rcpp",1024671,"msumloglike-3_15"
"1356","R",23673990,"msumloglike-3_15"
"1357","R",16123773,"msumloglike-3_15"
"1358","R",15401780,"msumloglike-3_15"
"1359","R",14855485,"msumloglike-3_15"
"1360","R",15891167,"msumloglike-3_15"
"1361","R",13895525,"msumloglike-3_15"
"1362","R",14078307,"msumloglike-3_15"
"1363","R",14095690,"msumloglike-3_15"
"1364","R",13869075,"msumloglike-3_15"
"1365","Rcpp",1142743,"msumloglike-3_15"
"1366","Rcpp",1011497,"msumloglike-3_15"
"1367","Rcpp",1014693,"msumloglike-3_15"
"1368","Rcpp",1007499,"msumloglike-3_15"
"1369","Rcpp",994334,"msumloglike-3_15"
"1370","R",15138575,"msumloglike-3_15"
"1371","R",13916554,"msumloglike-3_15"
"1372","R",13688587,"msumloglike-3_15"
"1373","R",13630828,"msumloglike-3_15"
"1374","Rcpp",1137302,"msumloglike-3_15"
"1375","Rcpp",1044288,"msumloglike-3_15"
"1376","R",13793544,"msumloglike-3_15"
"1377","R",12982854,"msumloglike-3_15"
"1378","R",13281744,"msumloglike-3_15"
"1379","Rcpp",1070177,"msumloglike-3_15"
"1380","Rcpp",999665,"msumloglike-3_15"
"1381","R",13156750,"msumloglike-3_15"
"1382","R",13039540,"msumloglike-3_15"
"1383","Rcpp",1033247,"msumloglike-3_15"
"1384","R",13050621,"msumloglike-3_15"
"1385","Rcpp",1079535,"msumloglike-3_15"
"1386","Rcpp",996579,"msumloglike-3_15"
"1387","R",13191966,"msumloglike-3_15"
"1388","Rcpp",1007409,"msumloglike-3_15"
"1389","Rcpp",989425,"msumloglike-3_15"
"1390","Rcpp",1032216,"msumloglike-3_15"
"1391","Rcpp",988694,"msumloglike-3_15"
"1392","Rcpp",997961,"msumloglike-3_15"
"1393","Rcpp",990928,"msumloglike-3_15"
"1394","R",12770345,"msumloglike-3_15"
"1395","Rcpp",999975,"msumloglike-3_15"
"1396","R",12755647,"msumloglike-3_15"
"1397","Rcpp",1004283,"msumloglike-3_15"
"1398","Rcpp",990518,"msumloglike-3_15"
"1399","R",13042525,"msumloglike-3_15"
"1400","R",13058165,"msumloglike-3_15"
"1401","R",13117766,"msumloglike-3_15"
"1402","R",12979718,"msumloglike-3_15"
"1403","R",13114390,"msumloglike-3_15"
"1404","R",12891002,"msumloglike-3_15"
"1405","Rcpp",1120000,"msumloglike-3_15"
"1406","R",13259672,"msumloglike-3_15"
"1407","Rcpp",1045450,"msumloglike-3_15"
"1408","R",12961584,"msumloglike-3_15"
"1409","R",12861176,"msumloglike-3_15"
"1410","Rcpp",1005556,"msumloglike-3_15"
"1411","Rcpp",989295,"msumloglike-3_15"
"1412","R",12983264,"msumloglike-3_15"
"1413","R",23286483,"msumloglike-3_15"
"1414","Rcpp",1433398,"msumloglike-3_15"
"1415","Rcpp",981260,"msumloglike-3_15"
"1416","Rcpp",983624,"msumloglike-3_15"
"1417","Rcpp",994505,"msumloglike-3_15"
"1418","Rcpp",1003492,"msumloglike-3_15"
"1419","Rcpp",1032276,"msumloglike-3_15"
"1420","R",15765361,"msumloglike-3_15"
"1421","R",15421366,"msumloglike-3_15"
"1422","R",15422047,"msumloglike-3_15"
"1423","R",15477321,"msumloglike-3_15"
"1424","R",13914090,"msumloglike-3_15"
"1425","R",14419818,"msumloglike-3_15"
"1426","Rcpp",1147080,"msumloglike-3_15"
"1427","Rcpp",1039830,"msumloglike-3_15"
"1428","Rcpp",1019562,"msumloglike-3_15"
"1429","Rcpp",982883,"msumloglike-3_15"
"1430","Rcpp",1001949,"msumloglike-3_15"
"1431","Rcpp",1016887,"msumloglike-3_15"
"1432","R",13698836,"msumloglike-3_15"
"1433","R",14019497,"msumloglike-3_15"
"1434","Rcpp",1177879,"msumloglike-3_15"
"1435","R",14732304,"msumloglike-3_15"
"1436","Rcpp",1040721,"msumloglike-3_15"
"1437","R",13524649,"msumloglike-3_15"
"1438","Rcpp",1026886,"msumloglike-3_15"
"1439","R",13761163,"msumloglike-3_15"
"1440","Rcpp",1042935,"msumloglike-3_15"
"1441","R",13827236,"msumloglike-3_15"
"1442","Rcpp",1043727,"msumloglike-3_15"
"1443","R",12905739,"msumloglike-3_15"
"1444","Rcpp",1057152,"msumloglike-3_15"
"1445","R",13047875,"msumloglike-3_15"
"1446","Rcpp",1054798,"msumloglike-3_15"
"1447","Rcpp",992601,"msumloglike-3_15"
"1448","R",12869832,"msumloglike-3_15"
"1449","R",12910398,"msumloglike-3_15"
"1450","Rcpp",1033649,"msumloglike-3_15"
"1451","Rcpp",995396,"msumloglike-3_15"
"1452","R",13103790,"msumloglike-3_15"
"1453","Rcpp",1051561,"msumloglike-3_15"
"1454","R",12884519,"msumloglike-3_15"
"1455","Rcpp",1001729,"msumloglike-3_15"
"1456","R",13057514,"msumloglike-3_15"
"1457","Rcpp",1040832,"msumloglike-3_15"
"1458","R",13044329,"msumloglike-3_15"
"1459","Rcpp",1051010,"msumloglike-3_15"
"1460","Rcpp",1019151,"msumloglike-3_15"
"1461","Rcpp",990928,"msumloglike-3_15"
"1462","Rcpp",990206,"msumloglike-3_15"
"1463","R",13101455,"msumloglike-3_15"
"1464","R",12589897,"msumloglike-3_15"
"1465","Rcpp",1055980,"msumloglike-3_15"
"1466","Rcpp",995026,"msumloglike-3_15"
"1467","R",12912942,"msumloglike-3_15"
"1468","Rcpp",1048957,"msumloglike-3_15"
"1469","R",12806663,"msumloglike-3_15"
"1470","R",12650040,"msumloglike-3_15"
"1471","Rcpp",1023279,"msumloglike-3_15"
"1472","R",12766648,"msumloglike-3_15"
"1473","Rcpp",1063273,"msumloglike-3_15"
"1474","Rcpp",984927,"msumloglike-3_15"
"1475","R",12836549,"msumloglike-3_15"
"1476","Rcpp",1053425,"msumloglike-3_15"
"1477","R",12973315,"msumloglike-3_15"
"1478","R",13103359,"msumloglike-3_15"
"1479","R",13088973,"msumloglike-3_15"
"1480","R",12687721,"msumloglike-3_15"
"1481","Rcpp",1075477,"msumloglike-3_15"
"1482","Rcpp",979747,"msumloglike-3_15"
"1483","R",26510058,"msumloglike-3_15"
"1484","Rcpp",1128546,"msumloglike-3_15"
"1485","R",15674470,"msumloglike-3_15"
"1486","R",14777869,"msumloglike-3_15"
"1487","R",15883222,"msumloglike-3_15"
"1488","Rcpp",1368766,"msumloglike-3_15"
"1489","R",14026590,"msumloglike-3_15"
"1490","R",13624396,"msumloglike-3_15"
"1491","Rcpp",1105803,"msumloglike-3_15"
"1492","R",13845110,"msumloglike-3_15"
"1493","Rcpp",1083421,"msumloglike-3_15"
"1494","R",13879796,"msumloglike-3_15"
"1495","R",14692019,"msumloglike-3_15"
"1496","R",14250771,"msumloglike-3_15"
"1497","Rcpp",1154084,"msumloglike-3_15"
"1498","R",13765751,"msumloglike-3_15"
"1499","R",13266575,"msumloglike-3_15"
"1500","Rcpp",1075827,"msumloglike-3_15"
"1501","Rcpp",993664,"msumloglike-3_15"
"1502","R",13865919,"msumloglike-3_15"
"1503","R",13363046,"msumloglike-3_15"
"1504","Rcpp",1021104,"msumloglike-3_15"
"1505","R",12814548,"msumloglike-3_15"
"1506","R",12908434,"msumloglike-3_15"
"1507","Rcpp",1052464,"msumloglike-3_15"
"1508","R",13324685,"msumloglike-3_15"
"1509","Rcpp",1004223,"msumloglike-3_15"
"1510","Rcpp",992621,"msumloglike-3_15"
"1511","Rcpp",986179,"msumloglike-3_15"
"1512","R",12956213,"msumloglike-3_15"
"1513","R",12983725,"msumloglike-3_15"
"1514","R",12875563,"msumloglike-3_15"
"1515","Rcpp",1071259,"msumloglike-3_15"
"1516","R",12914696,"msumloglike-3_15"
"1517","Rcpp",1017849,"msumloglike-3_15"
"1518","Rcpp",989295,"msumloglike-3_15"
"1519","R",13457354,"msumloglike-3_15"
"1520","R",12925246,"msumloglike-3_15"
"1521","Rcpp",1038097,"msumloglike-3_15"
"1522","R",13320527,"msumloglike-3_15"
"1523","R",12631355,"msumloglike-3_15"
"1524","R",12748214,"msumloglike-3_15"
"1525","R",12775535,"msumloglike-3_15"
"1526","Rcpp",1115181,"msumloglike-3_15"
"1527","Rcpp",986700,"msumloglike-3_15"
"1528","Rcpp",984016,"msumloglike-3_15"
"1529","R",13323272,"msumloglike-3_15"
"1530","R",13027698,"msumloglike-3_15"
"1531","R",12741351,"msumloglike-3_15"
"1532","Rcpp",1081298,"msumloglike-3_15"
"1533","R",13097629,"msumloglike-3_15"
"1534","R",13058115,"msumloglike-3_15"
"1535","Rcpp",1061690,"msumloglike-3_15"
"1536","Rcpp",980408,"msumloglike-3_15"
"1537","R",25296523,"msumloglike-3_15"
"1538","R",15720717,"msumloglike-3_15"
"1539","R",15122305,"msumloglike-3_15"
"1540","Rcpp",1116433,"msumloglike-3_15"
"1541","Rcpp",1024310,"msumloglike-3_15"
"1542","R",15675863,"msumloglike-3_15"
"1543","R",14131397,"msumloglike-3_15"
"1544","R",13931522,"msumloglike-3_15"
"1545","R",14054794,"msumloglike-3_15"
"1546","R",14005491,"msumloglike-3_15"
"1547","R",14424907,"msumloglike-3_15"
"1548","Rcpp",1165786,"msumloglike-3_15"
"1549","Rcpp",1057492,"msumloglike-3_15"
"1550","R",14513614,"msumloglike-3_15"
"1551","R",13469105,"msumloglike-3_15"
"1552","Rcpp",1089743,"msumloglike-3_15"
"1553","Rcpp",1010715,"msumloglike-3_15"
"1554","Rcpp",1002029,"msumloglike-3_15"
"1555","Rcpp",1005446,"msumloglike-3_15"
"1556","R",13663490,"msumloglike-3_15"
"1557","R",13388474,"msumloglike-3_15"
"1558","R",13507066,"msumloglike-3_15"
"1559","R",12833904,"msumloglike-3_15"
"1560","R",12865073,"msumloglike-3_15"
"1561","Rcpp",1198027,"msumloglike-3_15"
"1562","Rcpp",996729,"msumloglike-3_15"
"1563","Rcpp",982602,"msumloglike-3_15"
"1564","Rcpp",985958,"msumloglike-3_15"
"1565","R",12923883,"msumloglike-3_15"
"1566","Rcpp",1051472,"msumloglike-3_15"
"1567","Rcpp",997380,"msumloglike-3_15"
"1568","R",13026986,"msumloglike-3_15"
"1569","R",12971312,"msumloglike-3_15"
"1570","Rcpp",1027877,"msumloglike-3_15"
"1571","R",13053386,"msumloglike-3_15"
"1572","R",12714109,"msumloglike-3_15"
"1573","Rcpp",1041353,"msumloglike-3_15"
"1574","R",12868048,"msumloglike-3_15"
"1575","Rcpp",1040410,"msumloglike-3_15"
"1576","Rcpp",991339,"msumloglike-3_15"
"1577","Rcpp",987522,"msumloglike-3_15"
"1578","Rcpp",980569,"msumloglike-3_15"
"1579","Rcpp",983304,"msumloglike-3_15"
"1580","R",12975169,"msumloglike-3_15"
"1581","R",13235247,"msumloglike-3_15"
"1582","Rcpp",1014593,"msumloglike-3_15"
"1583","R",13095384,"msumloglike-3_15"
"1584","Rcpp",1050620,"msumloglike-3_15"
"1585","Rcpp",987572,"msumloglike-3_15"
"1586","Rcpp",982222,"msumloglike-3_15"
"1587","Rcpp",1000807,"msumloglike-3_15"
"1588","R",12547958,"msumloglike-3_15"
"1589","Rcpp",1057573,"msumloglike-3_15"
"1590","R",13057663,"msumloglike-3_15"
"1591","Rcpp",1003341,"msumloglike-3_15"
"1592","Rcpp",985908,"msumloglike-3_15"
"1593","R",12808416,"msumloglike-3_15"
"1594","R",13044590,"msumloglike-3_15"
"1595","Rcpp",1064697,"msumloglike-3_15"
"1596","R",13054508,"msumloglike-3_15"
"1597","Rcpp",1042215,"msumloglike-3_15"
"1598","R",12949311,"msumloglike-3_15"
"1599","Rcpp",1040591,"msumloglike-3_15"
"1600","Rcpp",989164,"msumloglike-3_15"
"1601","R",24439114,"msumloglike-3_15"
"1602","Rcpp",1156438,"msumloglike-3_15"
"1603","R",15673368,"msumloglike-3_15"
"1604","Rcpp",1100855,"msumloglike-3_15"
"1605","R",14986450,"msumloglike-3_15"
"1606","R",15159825,"msumloglike-3_15"
"1607","R",15598337,"msumloglike-3_15"
"1608","R",14002224,"msumloglike-3_15"
"1609","Rcpp",1164834,"msumloglike-3_15"
"1610","Rcpp",1024321,"msumloglike-3_15"
"1611","Rcpp",1017178,"msumloglike-3_15"
"1612","R",14188584,"msumloglike-3_15"
"1613","Rcpp",1066960,"msumloglike-3_15"
"1614","R",13392812,"msumloglike-3_15"
"1615","R",13721439,"msumloglike-3_15"
"1616","R",14830508,"msumloglike-3_15"
"1617","Rcpp",1197816,"msumloglike-3_15"
"1618","Rcpp",1039960,"msumloglike-3_15"
"1619","R",13601945,"msumloglike-3_15"
"1620","R",13716479,"msumloglike-3_15"
"1621","Rcpp",1083031,"msumloglike-3_15"
"1622","R",13247830,"msumloglike-3_15"
"1623","R",13579311,"msumloglike-3_15"
"1624","Rcpp",1063524,"msumloglike-3_15"
"1625","Rcpp",1001779,"msumloglike-3_15"
"1626","Rcpp",989115,"msumloglike-3_15"
"1627","Rcpp",978064,"msumloglike-3_15"
"1628","R",12948239,"msumloglike-3_15"
"1629","Rcpp",1083832,"msumloglike-3_15"
"1630","R",12850496,"msumloglike-3_15"
"1631","R",13160857,"msumloglike-3_15"
"1632","Rcpp",1051582,"msumloglike-3_15"
"1633","Rcpp",1003241,"msumloglike-3_15"
"1634","R",12945774,"msumloglike-3_15"
"1635","Rcpp",1051331,"msumloglike-3_15"
"1636","R",12808556,"msumloglike-3_15"
"1637","Rcpp",1052193,"msumloglike-3_15"
"1638","Rcpp",1039309,"msumloglike-3_15"
"1639","Rcpp",999184,"msumloglike-3_15"
"1640","Rcpp",989736,"msumloglike-3_15"
"1641","R",13070378,"msumloglike-3_15"
"1642","R",12992391,"msumloglike-3_15"
"1643","Rcpp",1066340,"msumloglike-3_15"
"1644","R",12879981,"msumloglike-3_15"
"1645","Rcpp",1025923,"msumloglike-3_15"
"1646","R",12985208,"msumloglike-3_15"
"1647","R",12812133,"msumloglike-3_15"
"1648","Rcpp",1043957,"msumloglike-3_15"
"1649","R",13034931,"msumloglike-3_15"
"1650","Rcpp",1041373,"msumloglike-3_15"
"1651","Rcpp",985037,"msumloglike-3_15"
"1652","R",13031324,"msumloglike-3_15"
"1653","R",12754755,"msumloglike-3_15"
"1654","R",12751800,"msumloglike-3_15"
"1655","Rcpp",1081568,"msumloglike-3_15"
"1656","R",12921148,"msumloglike-3_15"
"1657","R",12935104,"msumloglike-3_15"
"1658","R",12788168,"msumloglike-3_15"
"1659","Rcpp",1102668,"msumloglike-3_15"
"1660","R",12844274,"msumloglike-3_15"
"1661","R",25103269,"msumloglike-3_15"
"1662","Rcpp",1164774,"msumloglike-3_15"
"1663","Rcpp",1012128,"msumloglike-3_15"
"1664","Rcpp",1030873,"msumloglike-3_15"
"1665","R",15718924,"msumloglike-3_15"
"1666","R",14788960,"msumloglike-3_15"
"1667","Rcpp",1094673,"msumloglike-3_15"
"1668","Rcpp",981290,"msumloglike-3_15"
"1669","R",15663450,"msumloglike-3_15"
"1670","R",14712657,"msumloglike-3_15"
"1671","R",14160883,"msumloglike-3_15"
"1672","R",14153459,"msumloglike-3_15"
"1673","R",13856662,"msumloglike-3_15"
"1674","Rcpp",1168041,"msumloglike-3_15"
"1675","Rcpp",1003973,"msumloglike-3_15"
"1676","Rcpp",1017047,"msumloglike-3_15"
"1677","Rcpp",1008851,"msumloglike-3_15"
"1678","Rcpp",971242,"msumloglike-3_15"
"1679","R",15059668,"msumloglike-3_15"
"1680","R",14472737,"msumloglike-3_15"
"1681","R",13211212,"msumloglike-3_15"
"1682","R",14088857,"msumloglike-3_15"
"1683","R",13375821,"msumloglike-3_15"
"1684","R",12891482,"msumloglike-3_15"
"1685","R",12804809,"msumloglike-3_15"
"1686","R",12781977,"msumloglike-3_15"
"1687","R",13223435,"msumloglike-3_15"
"1688","R",12886453,"msumloglike-3_15"
"1689","Rcpp",1091467,"msumloglike-3_15"
"1690","Rcpp",982843,"msumloglike-3_15"
"1691","Rcpp",960440,"msumloglike-3_15"
"1692","R",13148694,"msumloglike-3_15"
"1693","Rcpp",1027767,"msumloglike-3_15"
"1694","Rcpp",989666,"msumloglike-3_15"
"1695","Rcpp",988314,"msumloglike-3_15"
"1696","Rcpp",986369,"msumloglike-3_15"
"1697","R",12924734,"msumloglike-3_15"
"1698","R",13136391,"msumloglike-3_15"
"1699","R",13105994,"msumloglike-3_15"
"1700","R",12815780,"msumloglike-3_15"
"1701","Rcpp",1071358,"msumloglike-3_15"
"1702","Rcpp",982472,"msumloglike-3_15"
"1703","R",12953769,"msumloglike-3_15"
"1704","R",13030202,"msumloglike-3_15"
"1705","R",12761648,"msumloglike-3_15"
"1706","Rcpp",1085185,"msumloglike-3_15"
"1707","R",13333491,"msumloglike-3_15"
"1708","Rcpp",1018250,"msumloglike-3_15"
"1709","R",12952937,"msumloglike-3_15"
"1710","Rcpp",1004774,"msumloglike-3_15"
"1711","Rcpp",967825,"msumloglike-3_15"
"1712","R",12761729,"msumloglike-3_15"
"1713","R",13086058,"msumloglike-3_15"
"1714","Rcpp",1053395,"msumloglike-3_15"
"1715","Rcpp",987441,"msumloglike-3_15"
"1716","Rcpp",985378,"msumloglike-3_15"
"1717","Rcpp",976561,"msumloglike-3_15"
"1718","Rcpp",1037245,"msumloglike-3_15"
"1719","Rcpp",981761,"msumloglike-3_15"
"1720","R",12954911,"msumloglike-3_15"
"1721","Rcpp",1014372,"msumloglike-3_15"
"1722","R",12919915,"msumloglike-3_15"
"1723","R",26086924,"msumloglike-3_15"
"1724","Rcpp",1145328,"msumloglike-3_15"
"1725","Rcpp",1015264,"msumloglike-3_15"
"1726","Rcpp",1041713,"msumloglike-3_15"
"1727","Rcpp",1021515,"msumloglike-3_15"
"1728","R",15858937,"msumloglike-3_15"
"1729","R",14800452,"msumloglike-3_15"
"1730","R",16099347,"msumloglike-3_15"
"1731","Rcpp",1437325,"msumloglike-3_15"
"1732","Rcpp",1210961,"msumloglike-3_15"
"1733","Rcpp",1128256,"msumloglike-3_15"
"1734","Rcpp",999735,"msumloglike-3_15"
"1735","Rcpp",1006247,"msumloglike-3_15"
"1736","Rcpp",1002971,"msumloglike-3_15"
"1737","Rcpp",1005927,"msumloglike-3_15"
"1738","R",13362666,"msumloglike-3_15"
"1739","Rcpp",1036023,"msumloglike-3_15"
"1740","R",14131638,"msumloglike-3_15"
"1741","Rcpp",1039529,"msumloglike-3_15"
"1742","Rcpp",1002840,"msumloglike-3_15"
"1743","Rcpp",1013871,"msumloglike-3_15"
"1744","R",13661005,"msumloglike-3_15"
"1745","R",14072557,"msumloglike-3_15"
"1746","R",14659247,"msumloglike-3_15"
"1747","Rcpp",1154635,"msumloglike-3_15"
"1748","Rcpp",1009283,"msumloglike-3_15"
"1749","Rcpp",979267,"msumloglike-3_15"
"1750","Rcpp",983584,"msumloglike-3_15"
"1751","Rcpp",995978,"msumloglike-3_15"
"1752","R",14127360,"msumloglike-3_15"
"1753","R",13412249,"msumloglike-3_15"
"1754","R",13706390,"msumloglike-3_15"
"1755","Rcpp",1111554,"msumloglike-3_15"
"1756","R",13534198,"msumloglike-3_15"
"1757","Rcpp",1056441,"msumloglike-3_15"
"1758","Rcpp",980018,"msumloglike-3_15"
"1759","Rcpp",979768,"msumloglike-3_15"
"1760","R",13102818,"msumloglike-3_15"
"1761","Rcpp",1038136,"msumloglike-3_15"
"1762","Rcpp",994334,"msumloglike-3_15"
"1763","Rcpp",990718,"msumloglike-3_15"
"1764","R",13067051,"msumloglike-3_15"
"1765","Rcpp",1052293,"msumloglike-3_15"
"1766","R",13103069,"msumloglike-3_15"
"1767","R",12786957,"msumloglike-3_15"
"1768","R",12918663,"msumloglike-3_15"
"1769","Rcpp",1100303,"msumloglike-3_15"
"1770","R",13112497,"msumloglike-3_15"
"1771","R",13220339,"msumloglike-3_15"
"1772","R",12717957,"msumloglike-3_15"
"1773","Rcpp",1106956,"msumloglike-3_15"
"1774","Rcpp",982402,"msumloglike-3_15"
"1775","R",12859041,"msumloglike-3_15"
"1776","Rcpp",1053476,"msumloglike-3_15"
"1777","R",13050480,"msumloglike-3_15"
"1778","R",13147502,"msumloglike-3_15"
"1779","Rcpp",1041904,"msumloglike-3_15"
"1780","R",13046113,"msumloglike-3_15"
"1781","Rcpp",1027858,"msumloglike-3_15"
"1782","Rcpp",984476,"msumloglike-3_15"
"1783","Rcpp",993102,"msumloglike-3_15"
"1784","Rcpp",987341,"msumloglike-3_15"
"1785","R",12713058,"msumloglike-3_15"
"1786","R",12890340,"msumloglike-3_15"
"1787","R",12728857,"msumloglike-3_15"
"1788","Rcpp",1094262,"msumloglike-3_15"
"1789","Rcpp",980669,"msumloglike-3_15"
"1790","Rcpp",987031,"msumloglike-3_15"
"1791","R",12774012,"msumloglike-3_15"
"1792","R",12778811,"msumloglike-3_15"
"1793","Rcpp",1054587,"msumloglike-3_15"
"1794","Rcpp",981760,"msumloglike-3_15"
"1795","Rcpp",982392,"msumloglike-3_15"
"1796","Rcpp",992551,"msumloglike-3_15"
"1797","R",24634751,"msumloglike-3_15"
"1798","R",15569924,"msumloglike-3_15"
"1799","R",15206783,"msumloglike-3_15"
"1800","R",14819046,"msumloglike-3_15"
"1801","R",15908208,"msumloglike-3_15"
"1802","Rcpp",1333991,"msumloglike-3_15"
"1803","R",13457975,"msumloglike-3_15"
"1804","Rcpp",1035642,"msumloglike-3_15"
"1805","R",14066335,"msumloglike-3_15"
"1806","R",14032562,"msumloglike-3_15"
"1807","Rcpp",1088822,"msumloglike-3_15"
"1808","Rcpp",1009983,"msumloglike-3_15"
"1809","R",13849218,"msumloglike-3_15"
"1810","R",14712076,"msumloglike-3_15"
"1811","R",14068449,"msumloglike-3_15"
"1812","R",13675262,"msumloglike-3_15"
"1813","Rcpp",1088060,"msumloglike-3_15"
"1814","R",13244714,"msumloglike-3_15"
"1815","Rcpp",1052503,"msumloglike-3_15"
"1816","R",13814913,"msumloglike-3_15"
"1817","Rcpp",1065297,"msumloglike-3_15"
"1818","R",12474119,"msumloglike-3_15"
"1819","Rcpp",1061720,"msumloglike-3_15"
"1820","R",13402961,"msumloglike-3_15"
"1821","R",13131853,"msumloglike-3_15"
"1822","Rcpp",1010475,"msumloglike-3_15"
"1823","Rcpp",998873,"msumloglike-3_15"
"1824","R",12960371,"msumloglike-3_15"
"1825","R",12853101,"msumloglike-3_15"
"1826","R",12856096,"msumloglike-3_15"
"1827","Rcpp",1073453,"msumloglike-3_15"
"1828","R",13022648,"msumloglike-3_15"
"1829","Rcpp",1049528,"msumloglike-3_15"
"1830","R",13156950,"msumloglike-3_15"
"1831","Rcpp",1063104,"msumloglike-3_15"
"1832","Rcpp",998532,"msumloglike-3_15"
"1833","Rcpp",981320,"msumloglike-3_15"
"1834","Rcpp",997671,"msumloglike-3_15"
"1835","R",13149807,"msumloglike-3_15"
"1836","Rcpp",1010395,"msumloglike-3_15"
"1837","Rcpp",995006,"msumloglike-3_15"
"1838","R",12823665,"msumloglike-3_15"
"1839","Rcpp",1045560,"msumloglike-3_15"
"1840","Rcpp",982352,"msumloglike-3_15"
"1841","R",13051332,"msumloglike-3_15"
"1842","R",12947107,"msumloglike-3_15"
"1843","Rcpp",1051943,"msumloglike-3_15"
"1844","Rcpp",989415,"msumloglike-3_15"
"1845","Rcpp",989916,"msumloglike-3_15"
"1846","Rcpp",1028389,"msumloglike-3_15"
"1847","Rcpp",988383,"msumloglike-3_15"
"1848","Rcpp",989235,"msumloglike-3_15"
"1849","Rcpp",990858,"msumloglike-3_15"
"1850","R",12891162,"msumloglike-3_15"
"1851","R",12769884,"msumloglike-3_15"
"1852","R",13082630,"msumloglike-3_15"
"1853","R",13035302,"msumloglike-3_15"
"1854","Rcpp",1096556,"msumloglike-3_15"
"1855","Rcpp",994164,"msumloglike-3_15"
"1856","Rcpp",955893,"msumloglike-3_15"
"1857","Rcpp",982923,"msumloglike-3_15"
"1858","Rcpp",976631,"msumloglike-3_15"
"1859","R",12783509,"msumloglike-3_15"
"1860","Rcpp",1052603,"msumloglike-3_15"
"1861","R",13348910,"msumloglike-3_15"
"1862","R",25897830,"msumloglike-3_15"
"1863","R",15583560,"msumloglike-3_15"
"1864","R",14711836,"msumloglike-3_15"
"1865","Rcpp",1166587,"msumloglike-3_15"
"1866","Rcpp",992050,"msumloglike-3_15"
"1867","Rcpp",1006287,"msumloglike-3_15"
"1868","Rcpp",1004474,"msumloglike-3_15"
"1869","R",16179718,"msumloglike-3_15"
"1870","R",13700048,"msumloglike-3_15"
"1871","R",14104166,"msumloglike-3_15"
"1872","Rcpp",1121914,"msumloglike-3_15"
"1873","Rcpp",1021866,"msumloglike-3_15"
"1874","Rcpp",1015785,"msumloglike-3_15"
"1875","Rcpp",1007990,"msumloglike-3_15"
"1876","Rcpp",1011476,"msumloglike-3_15"
"1877","Rcpp",1047213,"msumloglike-3_15"
"1878","R",13946140,"msumloglike-3_15"
"1879","Rcpp",1032596,"msumloglike-3_15"
"1880","Rcpp",1009663,"msumloglike-3_15"
"1881","Rcpp",1023580,"msumloglike-3_15"
"1882","Rcpp",1014071,"msumloglike-3_15"
"1883","Rcpp",1017487,"msumloglike-3_15"
"1884","R",14162645,"msumloglike-3_15"
"1885","Rcpp",1063464,"msumloglike-3_15"
"1886","R",14682039,"msumloglike-3_15"
"1887","R",13548835,"msumloglike-3_15"
"1888","R",13544477,"msumloglike-3_15"
"1889","R",13810987,"msumloglike-3_15"
"1890","Rcpp",1133295,"msumloglike-3_15"
"1891","Rcpp",1010716,"msumloglike-3_15"
"1892","Rcpp",997891,"msumloglike-3_15"
"1893","R",13615981,"msumloglike-3_15"
"1894","R",12918153,"msumloglike-3_15"
"1895","Rcpp",1047625,"msumloglike-3_15"
"1896","R",12889779,"msumloglike-3_15"
"1897","Rcpp",1059557,"msumloglike-3_15"
"1898","Rcpp",984677,"msumloglike-3_15"
"1899","Rcpp",981470,"msumloglike-3_15"
"1900","Rcpp",986730,"msumloglike-3_15"
"1901","Rcpp",952957,"msumloglike-3_15"
"1902","Rcpp",988283,"msumloglike-3_15"
"1903","Rcpp",979286,"msumloglike-3_15"
"1904","Rcpp",986851,"msumloglike-3_15"
"1905","Rcpp",983955,"msumloglike-3_15"
"1906","R",13299047,"msumloglike-3_15"
"1907","R",12972003,"msumloglike-3_15"
"1908","Rcpp",1063314,"msumloglike-3_15"
"1909","R",12814678,"msumloglike-3_15"
"1910","Rcpp",1031995,"msumloglike-3_15"
"1911","R",12930165,"msumloglike-3_15"
"1912","Rcpp",1049849,"msumloglike-3_15"
"1913","R",12857499,"msumloglike-3_15"
"1914","R",12541286,"msumloglike-3_15"
"1915","Rcpp",1061691,"msumloglike-3_15"
"1916","Rcpp",986650,"msumloglike-3_15"
"1917","R",12745168,"msumloglike-3_15"
"1918","Rcpp",1001908,"msumloglike-3_15"
"1919","Rcpp",1047113,"msumloglike-3_15"
"1920","Rcpp",993864,"msumloglike-3_15"
"1921","R",13329935,"msumloglike-3_15"
"1922","Rcpp",1008331,"msumloglike-3_15"
"1923","Rcpp",993994,"msumloglike-3_15"
"1924","Rcpp",986240,"msumloglike-3_15"
"1925","Rcpp",981480,"msumloglike-3_15"
"1926","R",13164054,"msumloglike-3_15"
"1927","R",12642856,"msumloglike-3_15"
"1928","R",12784451,"msumloglike-3_15"
"1929","Rcpp",1099782,"msumloglike-3_15"
"1930","Rcpp",989856,"msumloglike-3_15"
"1931","Rcpp",986891,"msumloglike-3_15"
"1932","Rcpp",986510,"msumloglike-3_15"
"1933","R",12763532,"msumloglike-3_15"
"1934","R",12817343,"msumloglike-3_15"
"1935","Rcpp",1066700,"msumloglike-3_15"
"1936","Rcpp",1016907,"msumloglike-3_15"
"1937","R",12856727,"msumloglike-3_15"
"1938","R",13153854,"msumloglike-3_15"
"1939","Rcpp",1017368,"msumloglike-3_15"
"1940","R",25771423,"msumloglike-3_15"
"1941","Rcpp",1163702,"msumloglike-3_15"
"1942","R",15605431,"msumloglike-3_15"
"1943","R",14852970,"msumloglike-3_15"
"1944","R",15106415,"msumloglike-3_15"
"1945","R",14980079,"msumloglike-3_15"
"1946","R",13712432,"msumloglike-3_15"
"1947","R",13868945,"msumloglike-3_15"
"1948","R",13830753,"msumloglike-3_15"
"1949","Rcpp",1117004,"msumloglike-3_15"
"1950","R",13793223,"msumloglike-3_15"
"1951","R",14519084,"msumloglike-3_15"
"1952","Rcpp",1129828,"msumloglike-3_15"
"1953","Rcpp",1040431,"msumloglike-3_15"
"1954","Rcpp",1047734,"msumloglike-3_15"
"1955","Rcpp",1023339,"msumloglike-3_15"
"1956","R",14130606,"msumloglike-3_15"
"1957","Rcpp",1076098,"msumloglike-3_15"
"1958","R",13571428,"msumloglike-3_15"
"1959","R",13613977,"msumloglike-3_15"
"1960","Rcpp",1094613,"msumloglike-3_15"
"1961","Rcpp",1001649,"msumloglike-3_15"
"1962","Rcpp",1000145,"msumloglike-3_15"
"1963","R",13486958,"msumloglike-3_15"
"1964","R",12958478,"msumloglike-3_15"
"1965","R",12977444,"msumloglike-3_15"
"1966","Rcpp",1098881,"msumloglike-3_15"
"1967","R",13144006,"msumloglike-3_15"
"1968","Rcpp",1035832,"msumloglike-3_15"
"1969","Rcpp",991489,"msumloglike-3_15"
"1970","R",13178150,"msumloglike-3_15"
"1971","R",12968828,"msumloglike-3_15"
"1972","R",13017749,"msumloglike-3_15"
"1973","R",12940934,"msumloglike-3_15"
"1974","Rcpp",1126672,"msumloglike-3_15"
"1975","Rcpp",997139,"msumloglike-3_15"
"1976","R",13296251,"msumloglike-3_15"
"1977","R",12869602,"msumloglike-3_15"
"1978","R",12606528,"msumloglike-3_15"
"1979","Rcpp",1066099,"msumloglike-3_15"
"1980","R",13145729,"msumloglike-3_15"
"1981","R",12804159,"msumloglike-3_15"
"1982","R",13171367,"msumloglike-3_15"
"1983","R",12747893,"msumloglike-3_15"
"1984","Rcpp",1114570,"msumloglike-3_15"
"1985","R",13070448,"msumloglike-3_15"
"1986","R",13193058,"msumloglike-3_15"
"1987","R",12951204,"msumloglike-3_15"
"1988","Rcpp",1130500,"msumloglike-3_15"
"1989","R",12765566,"msumloglike-3_15"
"1990","Rcpp",1012489,"msumloglike-3_15"
"1991","Rcpp",990247,"msumloglike-3_15"
"1992","R",23347528,"msumloglike-3_15"
"1993","Rcpp",1437445,"msumloglike-3_15"
"1994","R",15703646,"msumloglike-3_15"
"1995","Rcpp",1135840,"msumloglike-3_15"
"1996","Rcpp",1021245,"msumloglike-3_15"
"1997","Rcpp",1026906,"msumloglike-3_15"
"1998","Rcpp",1032867,"msumloglike-3_15"
"1999","R",15420865,"msumloglike-3_15"
"2000","R",15287786,"msumloglike-3_15"
"2001","Rcpp",1284420130,"msumloglike-50_600"
"2002","Rcpp",1106877951,"msumloglike-50_600"
"2003","R",14526031272,"msumloglike-50_600"
"2004","R",14506582285,"msumloglike-50_600"
"2005","Rcpp",1094593747,"msumloglike-50_600"
"2006","R",14522929897,"msumloglike-50_600"
"2007","Rcpp",1097289241,"msumloglike-50_600"
"2008","R",14551469921,"msumloglike-50_600"
"2009","R",14342493720,"msumloglike-50_600"
"2010","R",14252904716,"msumloglike-50_600"
"2011","Rcpp",1084157409,"msumloglike-50_600"
"2012","Rcpp",1083792595,"msumloglike-50_600"
"2013","Rcpp",1086001827,"msumloglike-50_600"
"2014","Rcpp",1081846195,"msumloglike-50_600"
"2015","R",14514505640,"msumloglike-50_600"
"2016","R",14179591269,"msumloglike-50_600"
"2017","R",14222633165,"msumloglike-50_600"
"2018","R",14290805492,"msumloglike-50_600"
"2019","Rcpp",1081537516,"msumloglike-50_600"
"2020","Rcpp",1084382250,"msumloglike-50_600"
